target,gid,tid,eid,pid,init sample hits,exonerate sample hits
CDS_chr5_id00001,ENSMUSG00000033970,ENSMUST00000038131,ENSMUSE00000809771,ENSMUSP00000039621,37,0
CDS_chr5_id00002,ENSMUSG00000033970,ENSMUST00000038131,ENSMUSE00001291549,ENSMUSP00000039621,180,153
CDS_chr5_id00003,ENSMUSG00000033970,ENSMUST00000038131,ENSMUSE00001272485,ENSMUSP00000039621,196,179
CDS_chr5_id00004,ENSMUSG00000033970,ENSMUST00000038131,ENSMUSE00001243105,ENSMUSP00000039621,124,0
CDS_chr5_id00005,ENSMUSG00000033970,ENSMUST00000038131,ENSMUSE00001264906,ENSMUSP00000039621,173,0
CDS_chr5_id00006,ENSMUSG00000033970,ENSMUST00000038131,ENSMUSE00001280475,ENSMUSP00000039621,199,182
CDS_chr5_id00007,ENSMUSG00000033970,ENSMUST00000038131,ENSMUSE00000307460,ENSMUSP00000039621,200,184
CDS_chr5_id00008,ENSMUSG00000033970,ENSMUST00000038131,ENSMUSE00001303186,ENSMUSP00000039621,90,0
CDS_chr5_id00009,ENSMUSG00000033970,ENSMUST00000038131,ENSMUSE00000789037,ENSMUSP00000039621,204,190
CDS_chr11_id00010,ENSMUSG00000000632,ENSMUST00000093995,ENSMUSE00000729021,ENSMUSP00000091532,1,0
CDS_chr11_id00011,ENSMUSG00000000632,ENSMUST00000093995,ENSMUSE00001276398,ENSMUSP00000091532,198,183
CDS_chr11_id00012,ENSMUSG00000000632,ENSMUST00000093995,ENSMUSE00001282176,ENSMUSP00000091532,208,190
CDS_chr11_id00013,ENSMUSG00000000632,ENSMUST00000093995,ENSMUSE00001298074,ENSMUSP00000091532,208,191
CDS_chr11_id00014,ENSMUSG00000000632,ENSMUST00000093995,ENSMUSE00001303136,ENSMUSP00000091532,208,192
CDS_chr11_id00016,ENSMUSG00000000632,ENSMUST00000093995,ENSMUSE00001280586,ENSMUSP00000091532,190,174
CDS_chr11_id00017,ENSMUSG00000000632,ENSMUST00000093995,ENSMUSE00001290010,ENSMUSP00000091532,208,168
CDS_chr11_id00019,ENSMUSG00000000632,ENSMUST00000093995,ENSMUSE00001289989,ENSMUSP00000091532,200,187
CDS_chr11_id00020,ENSMUSG00000000632,ENSMUST00000093995,ENSMUSE00001213504,ENSMUSP00000091532,141,0
CDS_chr11_id00021,ENSMUSG00000000632,ENSMUST00000093995,ENSMUSE00001221994,ENSMUSP00000091532,111,0
CDS_chr11_id00022,ENSMUSG00000000632,ENSMUST00000093995,ENSMUSE00001311270,ENSMUSP00000091532,205,189
CDS_chr11_id00023,ENSMUSG00000000632,ENSMUST00000093995,ENSMUSE00001293434,ENSMUSP00000091532,199,179
CDS_chr11_id00024,ENSMUSG00000000632,ENSMUST00000093995,ENSMUSE00001272259,ENSMUSP00000091532,185,172
CDS_chr11_id00025,ENSMUSG00000000632,ENSMUST00000093995,ENSMUSE00001290454,ENSMUSP00000091532,205,190
CDS_chr11_id00026,ENSMUSG00000000632,ENSMUST00000093995,ENSMUSE00001216365,ENSMUSP00000091532,208,192
CDS_chr19_id00027,ENSMUSG00000036097,ENSMUST00000096053,ENSMUSE00000618587,ENSMUSP00000093758,62,0
CDS_chr19_id00028,ENSMUSG00000036097,ENSMUST00000096053,ENSMUSE00000690010,ENSMUSP00000093758,166,0
CDS_chr19_id00029,ENSMUSG00000036097,ENSMUST00000096053,ENSMUSE00000690002,ENSMUSP00000093758,201,185
CDS_chr19_id00030,ENSMUSG00000036097,ENSMUST00000096053,ENSMUSE00000689997,ENSMUSP00000093758,199,184
CDS_chr19_id00031,ENSMUSG00000036097,ENSMUST00000096053,ENSMUSE00000689989,ENSMUSP00000093758,199,184
CDS_chr19_id00032,ENSMUSG00000036097,ENSMUST00000096053,ENSMUSE00000689981,ENSMUSP00000093758,190,175
CDS_chr19_id00033,ENSMUSG00000036097,ENSMUST00000096053,ENSMUSE00000689976,ENSMUSP00000093758,202,186
CDS_chr19_id00034,ENSMUSG00000036097,ENSMUST00000096053,ENSMUSE00000689974,ENSMUSP00000093758,177,166
CDS_chr19_id00035,ENSMUSG00000036097,ENSMUST00000096053,ENSMUSE00000689969,ENSMUSP00000093758,123,0
CDS_chr19_id00036,ENSMUSG00000036097,ENSMUST00000096053,ENSMUSE00000689963,ENSMUSP00000093758,193,177
CDS_chr19_id00037,ENSMUSG00000036097,ENSMUST00000096053,ENSMUSE00000689958,ENSMUSP00000093758,202,186
CDS_chr19_id00040,ENSMUSG00000036097,ENSMUST00000096053,ENSMUSE00000418468,ENSMUSP00000093758,208,192
CDS_chr19_id00041,ENSMUSG00000036097,ENSMUST00000096053,ENSMUSE00001003529,ENSMUSP00000093758,191,0
CDS_chr19_id00042,ENSMUSG00000036097,ENSMUST00000096053,ENSMUSE00000418462,ENSMUSP00000093758,208,192
CDS_chr19_id00043,ENSMUSG00000036097,ENSMUST00000096053,ENSMUSE00000690019,ENSMUSP00000093758,205,188
CDS_chr19_id00044,ENSMUSG00000036097,ENSMUST00000096053,ENSMUSE00000690017,ENSMUSP00000093758,134,0
CDS_chr19_id00045,ENSMUSG00000036097,ENSMUST00000096053,ENSMUSE00000690015,ENSMUSP00000093758,209,193
CDS_chr19_id00046,ENSMUSG00000036097,ENSMUST00000096053,ENSMUSE00000690013,ENSMUSP00000093758,175,162
CDS_chr16_id00047,ENSMUSG00000055447,ENSMUST00000229640,ENSMUSE00000301683,ENSMUSP00000155544,176,164
CDS_chr16_id00048,ENSMUSG00000055447,ENSMUST00000229640,ENSMUSE00000129127,ENSMUSP00000155544,164,0
CDS_chr16_id00051,ENSMUSG00000055447,ENSMUST00000229640,ENSMUSE00000699528,ENSMUSP00000155544,196,180
CDS_chr16_id00052,ENSMUSG00000055447,ENSMUST00000229640,ENSMUSE00000129120,ENSMUSP00000155544,153,0
CDS_chr16_id00053,ENSMUSG00000055447,ENSMUST00000229640,ENSMUSE00000301706,ENSMUSP00000155544,172,0
CDS_chr16_id00054,ENSMUSG00000055447,ENSMUST00000229640,ENSMUSE00000129123,ENSMUSP00000155544,183,169
CDS_chr16_id00055,ENSMUSG00000055447,ENSMUST00000229640,ENSMUSE00000129126,ENSMUSP00000155544,183,170
CDS_chr3_id00056,ENSMUSG00000027887,ENSMUST00000141387,ENSMUSE00001022488,ENSMUSP00000116756,113,0
CDS_chr3_id00057,ENSMUSG00000027887,ENSMUST00000141387,ENSMUSE00000173980,ENSMUSP00000116756,178,167
CDS_chr3_id00058,ENSMUSG00000027887,ENSMUST00000141387,ENSMUSE00000173978,ENSMUSP00000116756,197,176
CDS_chr3_id00059,ENSMUSG00000027887,ENSMUST00000141387,ENSMUSE00000173983,ENSMUSP00000116756,189,174
CDS_chr3_id00060,ENSMUSG00000027887,ENSMUST00000141387,ENSMUSE00000173979,ENSMUSP00000116756,137,0
CDS_chr3_id00061,ENSMUSG00000027887,ENSMUST00000141387,ENSMUSE00000741207,ENSMUSP00000116756,208,190
CDS_chr2_id00063,ENSMUSG00000017670,ENSMUST00000074046,ENSMUSE00001205967,ENSMUSP00000073691,171,0
CDS_chr2_id00064,ENSMUSG00000017670,ENSMUST00000074046,ENSMUSE00001250662,ENSMUSP00000073691,207,168
CDS_chr2_id00065,ENSMUSG00000017670,ENSMUST00000074046,ENSMUSE00000661237,ENSMUSP00000073691,183,127
CDS_chr2_id00066,ENSMUSG00000017670,ENSMUST00000074046,ENSMUSE00000592947,ENSMUSP00000073691,207,124
CDS_chr2_id00067,ENSMUSG00000017670,ENSMUST00000074046,ENSMUSE00000592946,ENSMUSP00000073691,198,88
CDS_chr2_id00068,ENSMUSG00000017670,ENSMUST00000074046,ENSMUSE00000592945,ENSMUSP00000073691,204,183
CDS_chr2_id00069,ENSMUSG00000017670,ENSMUST00000074046,ENSMUSE00000592944,ENSMUSP00000073691,206,191
CDS_chr2_id00070,ENSMUSG00000017670,ENSMUST00000074046,ENSMUSE00000592943,ENSMUSP00000073691,208,180
CDS_chr2_id00071,ENSMUSG00000017670,ENSMUST00000074046,ENSMUSE00000592942,ENSMUSP00000073691,206,189
CDS_chr2_id00072,ENSMUSG00000017670,ENSMUST00000074046,ENSMUSE00000374661,ENSMUSP00000073691,187,96
CDS_chr2_id00073,ENSMUSG00000017670,ENSMUST00000074046,ENSMUSE00000592941,ENSMUSP00000073691,209,161
CDS_chr2_id00074,ENSMUSG00000017670,ENSMUST00000074046,ENSMUSE00000592940,ENSMUSP00000073691,180,66
CDS_chr2_id00075,ENSMUSG00000017670,ENSMUST00000074046,ENSMUSE00000661236,ENSMUSP00000073691,208,192
CDS_chr2_id00077,ENSMUSG00000017670,ENSMUST00000074046,ENSMUSE00000661239,ENSMUSP00000073691,94,0
CDS_chr2_id00078,ENSMUSG00000017670,ENSMUST00000074046,ENSMUSE00001295182,ENSMUSP00000073691,59,0
CDS_chr2_id00079,ENSMUSG00000017670,ENSMUST00000074046,ENSMUSE00001309978,ENSMUSP00000073691,204,164
CDS_chr2_id00080,ENSMUSG00000017670,ENSMUST00000074046,ENSMUSE00001262123,ENSMUSP00000073691,207,103
CDS_chr2_id00081,ENSMUSG00000017670,ENSMUST00000074046,ENSMUSE00001280639,ENSMUSP00000073691,208,178
CDS_chr2_id00082,ENSMUSG00000017670,ENSMUST00000074046,ENSMUSE00001215668,ENSMUSP00000073691,202,82
CDS_chr12_id00084,ENSMUSG00000006356,ENSMUST00000084882,ENSMUSE00000528885,ENSMUSP00000081943,208,190
CDS_chr12_id00085,ENSMUSG00000006356,ENSMUST00000084882,ENSMUSE00000115060,ENSMUSP00000081943,201,185
CDS_chr12_id00086,ENSMUSG00000006356,ENSMUST00000084882,ENSMUSE00000115063,ENSMUSP00000081943,206,189
CDS_chr12_id00087,ENSMUSG00000006356,ENSMUST00000084882,ENSMUSE00001000024,ENSMUSP00000081943,206,167
CDS_chr12_id00088,ENSMUSG00000006356,ENSMUST00000084882,ENSMUSE00000528890,ENSMUSP00000081943,206,171
CDS_chr12_id00089,ENSMUSG00000006356,ENSMUST00000084882,ENSMUSE00000528884,ENSMUSP00000081943,198,168
CDS_chr6_id00091,ENSMUSG00000034083,ENSMUST00000037783,ENSMUSE00001254260,ENSMUSP00000049280,189,176
CDS_chr6_id00092,ENSMUSG00000034083,ENSMUST00000037783,ENSMUSE00001262953,ENSMUSP00000049280,209,193
CDS_chr6_id00093,ENSMUSG00000034083,ENSMUST00000037783,ENSMUSE00001233988,ENSMUSP00000049280,208,192
CDS_chr6_id00094,ENSMUSG00000034083,ENSMUST00000037783,ENSMUSE00001245929,ENSMUSP00000049280,115,0
CDS_chr6_id00095,ENSMUSG00000034083,ENSMUST00000037783,ENSMUSE00001226390,ENSMUSP00000049280,205,0
CDS_chr6_id00096,ENSMUSG00000034083,ENSMUST00000037783,ENSMUSE00001090299,ENSMUSP00000049280,205,189
CDS_chr6_id00097,ENSMUSG00000034083,ENSMUST00000037783,ENSMUSE00001211751,ENSMUSP00000049280,194,180
CDS_chr6_id00098,ENSMUSG00000034083,ENSMUST00000037783,ENSMUSE00001220995,ENSMUSP00000049280,201,186
CDS_chr6_id00099,ENSMUSG00000034083,ENSMUST00000037783,ENSMUSE00001241980,ENSMUSP00000049280,206,190
CDS_chr6_id00100,ENSMUSG00000034083,ENSMUST00000037783,ENSMUSE00001225526,ENSMUSP00000049280,202,186
CDS_chr2_id00101,ENSMUSG00000067787,ENSMUST00000173378,ENSMUSE00000932301,ENSMUSP00000133386,196,0
CDS_chr12_id00103,ENSMUSG00000036144,ENSMUST00000041183,ENSMUSE00000324160,ENSMUSP00000043587,209,126
CDS_chr11_id00106,ENSMUSG00000050860,ENSMUST00000054173,ENSMUSE00000374629,ENSMUSP00000057858,191,178
CDS_chr4_id00108,ENSMUSG00000042446,ENSMUST00000106108,ENSMUSE00000668617,ENSMUSP00000101714,209,188
CDS_chr4_id00109,ENSMUSG00000042446,ENSMUST00000106108,ENSMUSE00001260178,ENSMUSP00000101714,209,182
CDS_chr4_id00110,ENSMUSG00000042446,ENSMUST00000106108,ENSMUSE00001262060,ENSMUSP00000101714,206,190
CDS_chr4_id00111,ENSMUSG00000042446,ENSMUST00000106108,ENSMUSE00000342543,ENSMUSP00000101714,206,189
CDS_chr4_id00112,ENSMUSG00000042446,ENSMUST00000106108,ENSMUSE00000364428,ENSMUSP00000101714,201,180
CDS_chr4_id00113,ENSMUSG00000042446,ENSMUST00000106108,ENSMUSE00000182503,ENSMUSP00000101714,208,167
CDS_chr4_id00114,ENSMUSG00000042446,ENSMUST00000106108,ENSMUSE00000403975,ENSMUSP00000101714,170,0
CDS_chr4_id00116,ENSMUSG00000042446,ENSMUST00000106108,ENSMUSE00000356417,ENSMUSP00000101714,202,187
CDS_chr4_id00117,ENSMUSG00000042446,ENSMUST00000106108,ENSMUSE00000446139,ENSMUSP00000101714,202,186
CDS_chr4_id00119,ENSMUSG00000042446,ENSMUST00000106108,ENSMUSE00000446132,ENSMUSP00000101714,209,174
CDS_chr4_id00120,ENSMUSG00000042446,ENSMUST00000106108,ENSMUSE00000446124,ENSMUSP00000101714,200,0
CDS_chr4_id00121,ENSMUSG00000042446,ENSMUST00000106108,ENSMUSE00000446116,ENSMUSP00000101714,195,182
CDS_chr4_id00122,ENSMUSG00000042446,ENSMUST00000106108,ENSMUSE00000398092,ENSMUSP00000101714,170,0
CDS_chr4_id00123,ENSMUSG00000042446,ENSMUST00000106108,ENSMUSE00000182504,ENSMUSP00000101714,185,171
CDS_chr4_id00124,ENSMUSG00000042446,ENSMUST00000106108,ENSMUSE00000401320,ENSMUSP00000101714,165,0
CDS_chr4_id00125,ENSMUSG00000042446,ENSMUST00000106108,ENSMUSE00000182505,ENSMUSP00000101714,207,190
CDS_chr4_id00126,ENSMUSG00000042446,ENSMUST00000106108,ENSMUSE00000182496,ENSMUSP00000101714,208,190
CDS_chr4_id00127,ENSMUSG00000042446,ENSMUST00000106108,ENSMUSE00000182462,ENSMUSP00000101714,207,170
CDS_chr4_id00128,ENSMUSG00000042446,ENSMUST00000106108,ENSMUSE00000182497,ENSMUSP00000101714,172,0
CDS_chr4_id00129,ENSMUSG00000042446,ENSMUST00000106108,ENSMUSE00000668619,ENSMUSP00000101714,209,193
CDS_chr4_id00130,ENSMUSG00000042446,ENSMUST00000106108,ENSMUSE00000794332,ENSMUSP00000101714,208,190
CDS_chr4_id00131,ENSMUSG00000042446,ENSMUST00000106108,ENSMUSE00001245822,ENSMUSP00000101714,173,0
CDS_chr4_id00132,ENSMUSG00000042446,ENSMUST00000106108,ENSMUSE00000374080,ENSMUSP00000101714,205,187
CDS_chr4_id00133,ENSMUSG00000042446,ENSMUST00000106108,ENSMUSE00001226128,ENSMUSP00000101714,189,174
CDS_chr4_id00134,ENSMUSG00000042446,ENSMUST00000106108,ENSMUSE00000396728,ENSMUSP00000101714,208,192
CDS_chr4_id00135,ENSMUSG00000042446,ENSMUST00000106108,ENSMUSE00001219094,ENSMUSP00000101714,208,192
CDS_chr4_id00136,ENSMUSG00000042446,ENSMUST00000106108,ENSMUSE00001281422,ENSMUSP00000101714,208,192
CDS_chr7_id00137,ENSMUSG00000025469,ENSMUST00000055353,ENSMUSE00000937965,ENSMUSP00000057312,93,0
CDS_chr7_id00138,ENSMUSG00000025469,ENSMUST00000055353,ENSMUSE00001218202,ENSMUSP00000057312,208,191
CDS_chr13_id00139,ENSMUSG00000021534,ENSMUST00000022007,ENSMUSE00001414258,ENSMUSP00000022007,141,0
CDS_chr13_id00140,ENSMUSG00000021534,ENSMUST00000022007,ENSMUSE00000118693,ENSMUSP00000022007,172,0
CDS_chr13_id00141,ENSMUSG00000021534,ENSMUST00000022007,ENSMUSE00000118697,ENSMUSP00000022007,201,185
CDS_chr11_id00142,ENSMUSG00000020482,ENSMUST00000020776,ENSMUSE00000266618,ENSMUSP00000020776,137,0
CDS_chr11_id00144,ENSMUSG00000020482,ENSMUST00000020776,ENSMUSE00000266605,ENSMUSP00000020776,103,0
CDS_chr11_id00145,ENSMUSG00000020482,ENSMUST00000020776,ENSMUSE00000105246,ENSMUSP00000020776,185,170
CDS_chr11_id00146,ENSMUSG00000020482,ENSMUST00000020776,ENSMUSE00000386066,ENSMUSP00000020776,204,190
CDS_chr11_id00147,ENSMUSG00000059278,ENSMUST00000144531,ENSMUSE00000755591,ENSMUSP00000123155,191,178
CDS_chr11_id00148,ENSMUSG00000059278,ENSMUST00000144531,ENSMUSE00000249112,ENSMUSP00000123155,179,168
CDS_chr11_id00149,ENSMUSG00000059278,ENSMUST00000144531,ENSMUSE00001231332,ENSMUSP00000123155,200,186
CDS_chr11_id00150,ENSMUSG00000018381,ENSMUST00000059026,ENSMUSE00000783948,ENSMUSP00000061893,208,187
CDS_chr11_id00151,ENSMUSG00000018381,ENSMUST00000059026,ENSMUSE00001257112,ENSMUSP00000061893,208,191
CDS_chr11_id00152,ENSMUSG00000018381,ENSMUST00000059026,ENSMUSE00001244063,ENSMUSP00000061893,196,183
CDS_chr11_id00153,ENSMUSG00000018381,ENSMUST00000059026,ENSMUSE00001291293,ENSMUSP00000061893,183,170
CDS_chr11_id00154,ENSMUSG00000018381,ENSMUST00000059026,ENSMUSE00001224622,ENSMUSP00000061893,129,0
CDS_chr11_id00155,ENSMUSG00000018381,ENSMUST00000059026,ENSMUSE00001313181,ENSMUSP00000061893,117,0
CDS_chr11_id00156,ENSMUSG00000018381,ENSMUST00000059026,ENSMUSE00001267905,ENSMUSP00000061893,100,0
CDS_chr11_id00157,ENSMUSG00000018381,ENSMUST00000059026,ENSMUSE00000443885,ENSMUSP00000061893,208,189
CDS_chr1_id00158,ENSMUSG00000026697,ENSMUST00000028020,ENSMUSE00000399579,ENSMUSP00000028020,206,190
CDS_chr1_id00159,ENSMUSG00000026697,ENSMUST00000028020,ENSMUSE00000161944,ENSMUSP00000028020,117,0
CDS_chr1_id00160,ENSMUSG00000026697,ENSMUST00000028020,ENSMUSE00000329276,ENSMUSP00000028020,206,190
CDS_chr1_id00161,ENSMUSG00000047361,ENSMUST00000114243,ENSMUSE00000629864,ENSMUSP00000109881,186,160
CDS_chr1_id00162,ENSMUSG00000047361,ENSMUST00000114243,ENSMUSE00000545799,ENSMUSP00000109881,167,0
CDS_chr1_id00163,ENSMUSG00000047361,ENSMUST00000114243,ENSMUSE00000545798,ENSMUSP00000109881,16,0
CDS_chr1_id00164,ENSMUSG00000047361,ENSMUST00000114243,ENSMUSE00000545797,ENSMUSP00000109881,76,0
CDS_chr1_id00165,ENSMUSG00000047361,ENSMUST00000114243,ENSMUSE00000485928,ENSMUSP00000109881,55,0
CDS_chr1_id00166,ENSMUSG00000047361,ENSMUST00000114243,ENSMUSE00000341366,ENSMUSP00000109881,51,0
CDS_chr1_id00167,ENSMUSG00000047361,ENSMUST00000114243,ENSMUSE00000376302,ENSMUSP00000109881,58,0
CDS_chr1_id00168,ENSMUSG00000047361,ENSMUST00000114243,ENSMUSE00000337032,ENSMUSP00000109881,183,169
CDS_chr1_id00169,ENSMUSG00000047361,ENSMUST00000114243,ENSMUSE00000698645,ENSMUSP00000109881,198,183
CDS_chr1_id00170,ENSMUSG00000047361,ENSMUST00000114243,ENSMUSE00001021386,ENSMUSP00000109881,175,164
CDS_chr1_id00171,ENSMUSG00000047361,ENSMUST00000114243,ENSMUSE00000994606,ENSMUSP00000109881,171,0
CDS_chr1_id00172,ENSMUSG00000047361,ENSMUST00000114243,ENSMUSE00000413442,ENSMUSP00000109881,204,188
CDS_chr1_id00173,ENSMUSG00000047361,ENSMUST00000114243,ENSMUSE00001022946,ENSMUSP00000109881,200,185
CDS_chr1_id00174,ENSMUSG00000047361,ENSMUST00000114243,ENSMUSE00000389997,ENSMUSP00000109881,185,173
CDS_chr1_id00175,ENSMUSG00000047361,ENSMUST00000114243,ENSMUSE00000361502,ENSMUSP00000109881,205,190
CDS_chr1_id00176,ENSMUSG00000047361,ENSMUST00000114243,ENSMUSE00000397835,ENSMUSP00000109881,146,0
CDS_chr1_id00177,ENSMUSG00000047361,ENSMUST00000114243,ENSMUSE00000358897,ENSMUSP00000109881,43,0
CDS_chr1_id00178,ENSMUSG00000047361,ENSMUST00000114243,ENSMUSE00000374076,ENSMUSP00000109881,11,0
CDS_chr1_id00179,ENSMUSG00000047361,ENSMUST00000114243,ENSMUSE00000386213,ENSMUSP00000109881,204,188
CDS_chr1_id00180,ENSMUSG00000047361,ENSMUST00000114243,ENSMUSE00000348362,ENSMUSP00000109881,187,173
CDS_chr5_id00181,ENSMUSG00000029401,ENSMUST00000031347,ENSMUSE00000188522,ENSMUSP00000031347,193,180
CDS_chr5_id00182,ENSMUSG00000029401,ENSMUST00000031347,ENSMUSE00000188523,ENSMUSP00000031347,205,179
CDS_chr5_id00183,ENSMUSG00000029401,ENSMUST00000031347,ENSMUSE00000476320,ENSMUSP00000031347,129,0
CDS_chr7_id00185,ENSMUSG00000043310,ENSMUST00000215773,ENSMUSE00001395627,ENSMUSP00000148964,1,0
CDS_chr11_id00186,ENSMUSG00000001755,ENSMUST00000001806,ENSMUSE00000672690,ENSMUSP00000001806,205,68
CDS_chr11_id00187,ENSMUSG00000001755,ENSMUST00000001806,ENSMUSE00000244288,ENSMUSP00000001806,200,184
CDS_chr11_id00188,ENSMUSG00000001755,ENSMUST00000001806,ENSMUSE00001303554,ENSMUSP00000001806,197,182
CDS_chr11_id00189,ENSMUSG00000001755,ENSMUST00000001806,ENSMUSE00001205717,ENSMUSP00000001806,203,189
CDS_chr11_id00190,ENSMUSG00000001755,ENSMUST00000001806,ENSMUSE00001270045,ENSMUSP00000001806,207,191
CDS_chr11_id00191,ENSMUSG00000001755,ENSMUST00000001806,ENSMUSE00001244172,ENSMUSP00000001806,208,190
CDS_chr11_id00192,ENSMUSG00000001755,ENSMUST00000001806,ENSMUSE00001247958,ENSMUSP00000001806,208,192
CDS_chr11_id00193,ENSMUSG00000001755,ENSMUST00000001806,ENSMUSE00000112901,ENSMUSP00000001806,208,192
CDS_chr11_id00194,ENSMUSG00000001755,ENSMUST00000001806,ENSMUSE00000112906,ENSMUSP00000001806,206,191
CDS_chr4_id00195,ENSMUSG00000028687,ENSMUST00000102699,ENSMUSE00001311676,ENSMUSP00000099760,204,189
CDS_chr4_id00196,ENSMUSG00000028687,ENSMUST00000102699,ENSMUSE00001298714,ENSMUSP00000099760,32,0
CDS_chr4_id00197,ENSMUSG00000028687,ENSMUST00000102699,ENSMUSE00001274222,ENSMUSP00000099760,183,170
CDS_chr4_id00198,ENSMUSG00000028687,ENSMUST00000102699,ENSMUSE00001228597,ENSMUSP00000099760,194,179
CDS_chr4_id00199,ENSMUSG00000028687,ENSMUST00000102699,ENSMUSE00001208075,ENSMUSP00000099760,208,192
CDS_chr4_id00201,ENSMUSG00000028687,ENSMUST00000102699,ENSMUSE00000662327,ENSMUSP00000099760,200,184
CDS_chr4_id00202,ENSMUSG00000028687,ENSMUST00000102699,ENSMUSE00001277814,ENSMUSP00000099760,56,0
CDS_chr4_id00203,ENSMUSG00000028687,ENSMUST00000102699,ENSMUSE00001216335,ENSMUSP00000099760,196,183
CDS_chr4_id00205,ENSMUSG00000028687,ENSMUST00000102699,ENSMUSE00001286627,ENSMUSP00000099760,204,187
CDS_chr4_id00207,ENSMUSG00000028687,ENSMUST00000102699,ENSMUSE00001273330,ENSMUSP00000099760,205,185
CDS_chr4_id00208,ENSMUSG00000028687,ENSMUST00000102699,ENSMUSE00001230588,ENSMUSP00000099760,206,191
CDS_chr4_id00209,ENSMUSG00000028687,ENSMUST00000102699,ENSMUSE00001250118,ENSMUSP00000099760,208,192
CDS_chr1_id00211,ENSMUSG00000026209,ENSMUST00000185797,ENSMUSE00000156930,ENSMUSP00000140864,131,0
CDS_chr1_id00212,ENSMUSG00000026209,ENSMUST00000185797,ENSMUSE00000156939,ENSMUSP00000140864,202,189
CDS_chr1_id00214,ENSMUSG00000026209,ENSMUST00000185797,ENSMUSE00000156941,ENSMUSP00000140864,192,175
CDS_chr1_id00215,ENSMUSG00000026209,ENSMUST00000185797,ENSMUSE00000156937,ENSMUSP00000140864,204,189
CDS_chr1_id00217,ENSMUSG00000026209,ENSMUST00000185797,ENSMUSE00001339949,ENSMUSP00000140864,207,190
CDS_chr1_id00218,ENSMUSG00000026209,ENSMUST00000185797,ENSMUSE00000266945,ENSMUSP00000140864,198,183
CDS_chr1_id00219,ENSMUSG00000026209,ENSMUST00000185797,ENSMUSE00000156934,ENSMUSP00000140864,207,191
CDS_chr1_id00220,ENSMUSG00000026209,ENSMUST00000185797,ENSMUSE00000156938,ENSMUSP00000140864,200,185
CDS_chr1_id00221,ENSMUSG00000026209,ENSMUST00000185797,ENSMUSE00000266928,ENSMUSP00000140864,205,190
CDS_chr1_id00222,ENSMUSG00000026209,ENSMUST00000185797,ENSMUSE00000266921,ENSMUSP00000140864,207,191
CDS_chr1_id00223,ENSMUSG00000026209,ENSMUST00000185797,ENSMUSE00000266914,ENSMUSP00000140864,203,188
CDS_chr1_id00224,ENSMUSG00000026209,ENSMUST00000185797,ENSMUSE00000156940,ENSMUSP00000140864,90,0
CDS_chr2_id00225,ENSMUSG00000027225,ENSMUST00000028656,ENSMUSE00000365365,ENSMUSP00000028656,196,180
CDS_chr2_id00226,ENSMUSG00000027225,ENSMUST00000028656,ENSMUSE00000167147,ENSMUSP00000028656,183,0
CDS_chr2_id00227,ENSMUSG00000027225,ENSMUST00000028656,ENSMUSE00000167148,ENSMUSP00000028656,202,149
CDS_chr2_id00228,ENSMUSG00000027225,ENSMUST00000028656,ENSMUSE00000967851,ENSMUSP00000028656,203,189
CDS_chr2_id00229,ENSMUSG00000027225,ENSMUST00000028656,ENSMUSE00000167145,ENSMUSP00000028656,128,0
CDS_chr2_id00230,ENSMUSG00000027225,ENSMUST00000028656,ENSMUSE00000167143,ENSMUSP00000028656,187,173
CDS_chr2_id00231,ENSMUSG00000034723,ENSMUST00000038228,ENSMUSE00000408246,ENSMUSP00000045154,128,0
CDS_chr2_id00232,ENSMUSG00000034723,ENSMUST00000038228,ENSMUSE00001233222,ENSMUSP00000045154,174,0
CDS_chr2_id00234,ENSMUSG00000034723,ENSMUST00000038228,ENSMUSE00001263456,ENSMUSP00000045154,169,0
CDS_chr2_id00236,ENSMUSG00000034723,ENSMUST00000038228,ENSMUSE00001208913,ENSMUSP00000045154,174,0
CDS_chr2_id00237,ENSMUSG00000034723,ENSMUST00000038228,ENSMUSE00000293489,ENSMUSP00000045154,135,0
CDS_chr2_id00238,ENSMUSG00000034723,ENSMUST00000038228,ENSMUSE00000502537,ENSMUSP00000045154,205,190
CDS_chr11_id00239,ENSMUSG00000045377,ENSMUST00000050140,ENSMUSE00000345982,ENSMUSP00000055528,208,192
CDS_chr11_id00240,ENSMUSG00000045377,ENSMUST00000050140,ENSMUSE00000520073,ENSMUSP00000055528,203,188
CDS_chr2_id00241,ENSMUSG00000075142,ENSMUST00000099840,ENSMUSE00000643744,ENSMUSP00000097428,10,0
CDS_chr10_id00242,ENSMUSG00000063334,ENSMUST00000163048,ENSMUSE00000855070,ENSMUSP00000125746,14,0
CDS_chr10_id00243,ENSMUSG00000063334,ENSMUST00000163048,ENSMUSE00000865138,ENSMUSP00000125746,190,175
CDS_chr10_id00244,ENSMUSG00000063334,ENSMUST00000163048,ENSMUSE00001254153,ENSMUSP00000125746,167,0
CDS_chr10_id00245,ENSMUSG00000063334,ENSMUST00000163048,ENSMUSE00001293332,ENSMUSP00000125746,206,190
CDS_chr10_id00246,ENSMUSG00000063334,ENSMUST00000163048,ENSMUSE00000483232,ENSMUSP00000125746,203,186
CDS_chr10_id00247,ENSMUSG00000063334,ENSMUST00000163048,ENSMUSE00000485911,ENSMUSP00000125746,189,170
CDS_chr10_id00248,ENSMUSG00000063334,ENSMUST00000163048,ENSMUSE00001233897,ENSMUSP00000125746,206,0
CDS_chr10_id00249,ENSMUSG00000063334,ENSMUST00000163048,ENSMUSE00001241359,ENSMUSP00000125746,202,186
CDS_chr10_id00250,ENSMUSG00000063334,ENSMUST00000163048,ENSMUSE00001269142,ENSMUSP00000125746,191,175
CDS_chr10_id00251,ENSMUSG00000063334,ENSMUST00000163048,ENSMUSE00001281927,ENSMUSP00000125746,189,164
CDS_chr5_id00252,ENSMUSG00000029402,ENSMUST00000031349,ENSMUSE00000188530,ENSMUSP00000031349,207,191
CDS_chr2_id00253,ENSMUSG00000037514,ENSMUST00000150843,ENSMUSE00000404223,ENSMUSP00000119606,35,0
CDS_chr2_id00254,ENSMUSG00000037514,ENSMUST00000150843,ENSMUSE00001232780,ENSMUSP00000119606,209,193
CDS_chr2_id00255,ENSMUSG00000037514,ENSMUST00000150843,ENSMUSE00001307960,ENSMUSP00000119606,209,193
CDS_chr2_id00256,ENSMUSG00000037514,ENSMUST00000150843,ENSMUSE00001215863,ENSMUSP00000119606,209,192
CDS_chr2_id00257,ENSMUSG00000037514,ENSMUST00000150843,ENSMUSE00001245525,ENSMUSP00000119606,208,191
CDS_chr2_id00258,ENSMUSG00000037514,ENSMUST00000150843,ENSMUSE00001205647,ENSMUSP00000119606,208,190
CDS_chr2_id00260,ENSMUSG00000026963,ENSMUST00000028340,ENSMUSE00000367368,ENSMUSP00000028340,175,162
CDS_chr2_id00261,ENSMUSG00000026963,ENSMUST00000028340,ENSMUSE00000408763,ENSMUSP00000028340,204,189
CDS_chr2_id00263,ENSMUSG00000026963,ENSMUST00000028340,ENSMUSE00000413071,ENSMUSP00000028340,190,175
CDS_chr16_id00264,ENSMUSG00000061080,ENSMUST00000187695,ENSMUSE00001320921,ENSMUSP00000139667,170,0
CDS_chr16_id00265,ENSMUSG00000061080,ENSMUST00000187695,ENSMUSE00001335414,ENSMUSP00000139667,145,0
CDS_chr16_id00266,ENSMUSG00000061080,ENSMUST00000187695,ENSMUSE00001323945,ENSMUSP00000139667,164,0
CDS_chr16_id00267,ENSMUSG00000061080,ENSMUST00000187695,ENSMUSE00000484380,ENSMUSP00000139667,209,193
CDS_chr16_id00268,ENSMUSG00000061080,ENSMUST00000187695,ENSMUSE00000486035,ENSMUSP00000139667,208,173
CDS_chr16_id00269,ENSMUSG00000061080,ENSMUST00000187695,ENSMUSE00000485091,ENSMUSP00000139667,207,183
CDS_chr16_id00270,ENSMUSG00000061080,ENSMUST00000187695,ENSMUSE00000486891,ENSMUSP00000139667,159,0
CDS_chr16_id00271,ENSMUSG00000061080,ENSMUST00000187695,ENSMUSE00001333533,ENSMUSP00000139667,208,192
CDS_chr16_id00272,ENSMUSG00000061080,ENSMUST00000187695,ENSMUSE00001327209,ENSMUSP00000139667,206,190
CDS_chr2_id00273,ENSMUSG00000027224,ENSMUST00000110537,ENSMUSE00000684308,ENSMUSP00000106166,98,0
CDS_chr2_id00274,ENSMUSG00000027224,ENSMUST00000110537,ENSMUSE00000684314,ENSMUSP00000106166,203,188
CDS_chr2_id00275,ENSMUSG00000027224,ENSMUST00000110537,ENSMUSE00000167140,ENSMUSP00000106166,192,0
CDS_chr2_id00276,ENSMUSG00000027224,ENSMUST00000110537,ENSMUSE00000167134,ENSMUSP00000106166,205,120
CDS_chr2_id00277,ENSMUSG00000027224,ENSMUST00000110537,ENSMUSE00001005009,ENSMUSP00000106166,203,190
CDS_chr2_id00278,ENSMUSG00000027224,ENSMUST00000110537,ENSMUSE00000167137,ENSMUSP00000106166,199,184
CDS_chr8_id00279,ENSMUSG00000052926,ENSMUST00000109736,ENSMUSE00000821063,ENSMUSP00000105358,203,187
CDS_chr8_id00280,ENSMUSG00000052926,ENSMUST00000109736,ENSMUSE00000681376,ENSMUSP00000105358,173,0
CDS_chr8_id00281,ENSMUSG00000052926,ENSMUST00000109736,ENSMUSE00001207663,ENSMUSP00000105358,189,177
CDS_chr8_id00282,ENSMUSG00000052926,ENSMUST00000109736,ENSMUSE00000416546,ENSMUSP00000105358,209,193
CDS_chr8_id00283,ENSMUSG00000052926,ENSMUST00000109736,ENSMUSE00000416545,ENSMUSP00000105358,202,186
CDS_chr8_id00284,ENSMUSG00000052926,ENSMUST00000109736,ENSMUSE00001216561,ENSMUSP00000105358,194,179
CDS_chr8_id00285,ENSMUSG00000052926,ENSMUST00000109736,ENSMUSE00001279131,ENSMUSP00000105358,192,175
CDS_chr8_id00286,ENSMUSG00000052926,ENSMUST00000109736,ENSMUSE00000416533,ENSMUSP00000105358,206,188
CDS_chr11_id00288,ENSMUSG00000020713,ENSMUST00000103071,ENSMUSE00000661179,ENSMUSP00000099360,201,186
CDS_chr11_id00289,ENSMUSG00000020713,ENSMUST00000103071,ENSMUSE00000108411,ENSMUSP00000099360,206,190
CDS_chr11_id00290,ENSMUSG00000020713,ENSMUST00000103071,ENSMUSE00000108409,ENSMUSP00000099360,204,188
CDS_chr11_id00291,ENSMUSG00000020713,ENSMUST00000103071,ENSMUSE00000661178,ENSMUSP00000099360,190,178
CDS_chr12_id00293,ENSMUSG00000020658,ENSMUST00000111178,ENSMUSE00000234020,ENSMUSP00000106809,153,0
CDS_chr12_id00294,ENSMUSG00000020658,ENSMUST00000111178,ENSMUSE00000234008,ENSMUSP00000106809,112,0
CDS_chr12_id00295,ENSMUSG00000020658,ENSMUST00000111178,ENSMUSE00000233864,ENSMUSP00000106809,115,0
CDS_chr12_id00296,ENSMUSG00000020658,ENSMUST00000111178,ENSMUSE00000500442,ENSMUSP00000106809,188,174
CDS_chr12_id00297,ENSMUSG00000020658,ENSMUST00000111178,ENSMUSE00000107544,ENSMUSP00000106809,176,163
CDS_chr12_id00298,ENSMUSG00000020658,ENSMUST00000111178,ENSMUSE00000107516,ENSMUSP00000106809,199,183
CDS_chr12_id00299,ENSMUSG00000020658,ENSMUST00000111178,ENSMUSE00000686989,ENSMUSP00000106809,205,147
CDS_chr12_id00300,ENSMUSG00000020658,ENSMUST00000111178,ENSMUSE00000233978,ENSMUSP00000106809,84,0
CDS_chr12_id00301,ENSMUSG00000020658,ENSMUST00000111178,ENSMUSE00000484859,ENSMUSP00000106809,200,56
CDS_chr12_id00302,ENSMUSG00000020658,ENSMUST00000111178,ENSMUSE00000485704,ENSMUSP00000106809,180,168
CDS_chr12_id00303,ENSMUSG00000020658,ENSMUST00000111178,ENSMUSE00000686994,ENSMUSP00000106809,150,0
CDS_chr12_id00305,ENSMUSG00000020658,ENSMUST00000111178,ENSMUSE00000475969,ENSMUSP00000106809,195,171
CDS_chr12_id00307,ENSMUSG00000020658,ENSMUST00000111178,ENSMUSE00000656285,ENSMUSP00000106809,193,128
CDS_chr12_id00308,ENSMUSG00000020658,ENSMUST00000111178,ENSMUSE00000686993,ENSMUSP00000106809,198,162
CDS_chr12_id00309,ENSMUSG00000020658,ENSMUST00000111178,ENSMUSE00000686992,ENSMUSP00000106809,70,0
CDS_chr12_id00310,ENSMUSG00000020658,ENSMUST00000111178,ENSMUSE00000107518,ENSMUSP00000106809,206,187
CDS_chr12_id00311,ENSMUSG00000020658,ENSMUST00000111178,ENSMUSE00000107537,ENSMUSP00000106809,203,166
CDS_chr12_id00312,ENSMUSG00000020658,ENSMUST00000111178,ENSMUSE00000107543,ENSMUSP00000106809,199,131
CDS_chr12_id00313,ENSMUSG00000020658,ENSMUST00000111178,ENSMUSE00000234040,ENSMUSP00000106809,200,138
CDS_chr12_id00314,ENSMUSG00000020658,ENSMUST00000111178,ENSMUSE00000234030,ENSMUSP00000106809,199,150
CDS_chr4_id00315,ENSMUSG00000028863,ENSMUST00000154689,ENSMUSE00000820389,ENSMUSP00000122288,36,0
CDS_chr4_id00316,ENSMUSG00000028863,ENSMUST00000154689,ENSMUSE00001222885,ENSMUSP00000122288,165,0
CDS_chr4_id00317,ENSMUSG00000028863,ENSMUST00000154689,ENSMUSE00001276281,ENSMUSP00000122288,205,189
CDS_chr4_id00319,ENSMUSG00000028863,ENSMUST00000154689,ENSMUSE00001279768,ENSMUSP00000122288,150,0
CDS_chr13_id00322,ENSMUSG00000035711,ENSMUST00000223563,ENSMUSE00001424257,ENSMUSP00000153308,43,0
CDS_chr13_id00323,ENSMUSG00000035711,ENSMUST00000223563,ENSMUSE00000247698,ENSMUSP00000153308,172,0
CDS_chr13_id00324,ENSMUSG00000035711,ENSMUST00000223563,ENSMUSE00000247691,ENSMUSP00000153308,203,188
CDS_chr13_id00325,ENSMUSG00000035711,ENSMUST00000223563,ENSMUSE00000247688,ENSMUSP00000153308,206,191
CDS_chr13_id00326,ENSMUSG00000035711,ENSMUST00000223563,ENSMUSE00000247680,ENSMUSP00000153308,204,188
CDS_chr4_id00327,ENSMUSG00000029049,ENSMUST00000030915,ENSMUSE00000184994,ENSMUSP00000030915,75,0
CDS_chr4_id00328,ENSMUSG00000029049,ENSMUST00000030915,ENSMUSE00001265541,ENSMUSP00000030915,150,0
CDS_chr4_id00329,ENSMUSG00000029049,ENSMUST00000030915,ENSMUSE00001265428,ENSMUSP00000030915,141,0
CDS_chr4_id00330,ENSMUSG00000029049,ENSMUST00000030915,ENSMUSE00001259690,ENSMUSP00000030915,110,0
CDS_chr4_id00332,ENSMUSG00000029049,ENSMUST00000030915,ENSMUSE00000422578,ENSMUSP00000030915,188,175
CDS_chr4_id00333,ENSMUSG00000029049,ENSMUST00000030915,ENSMUSE00001307722,ENSMUSP00000030915,79,0
CDS_chr4_id00334,ENSMUSG00000029049,ENSMUST00000030915,ENSMUSE00001295070,ENSMUSP00000030915,131,0
CDS_chr4_id00335,ENSMUSG00000029049,ENSMUST00000030915,ENSMUSE00001247311,ENSMUSP00000030915,148,0
CDS_chr4_id00336,ENSMUSG00000029049,ENSMUST00000030915,ENSMUSE00001262799,ENSMUSP00000030915,182,167
CDS_chr4_id00337,ENSMUSG00000029049,ENSMUST00000030915,ENSMUSE00001294508,ENSMUSP00000030915,185,171
CDS_chr4_id00338,ENSMUSG00000029049,ENSMUST00000030915,ENSMUSE00001232440,ENSMUSP00000030915,177,164
CDS_chr4_id00339,ENSMUSG00000029049,ENSMUST00000030915,ENSMUSE00001290405,ENSMUSP00000030915,92,0
CDS_chr4_id00340,ENSMUSG00000029049,ENSMUST00000030915,ENSMUSE00001251434,ENSMUSP00000030915,189,177
CDS_chr7_id00341,ENSMUSG00000038611,ENSMUST00000155123,ENSMUSE00000901866,ENSMUSP00000120759,113,0
CDS_chr7_id00342,ENSMUSG00000038611,ENSMUST00000155123,ENSMUSE00000668329,ENSMUSP00000120759,148,0
CDS_chr7_id00343,ENSMUSG00000038611,ENSMUST00000155123,ENSMUSE00001211584,ENSMUSP00000120759,133,0
CDS_chr7_id00344,ENSMUSG00000038611,ENSMUST00000155123,ENSMUSE00000668327,ENSMUSP00000120759,173,0
CDS_chr7_id00345,ENSMUSG00000038611,ENSMUST00000155123,ENSMUSE00000668326,ENSMUSP00000120759,204,188
CDS_chr11_id00347,ENSMUSG00000040592,ENSMUST00000044228,ENSMUSE00000327017,ENSMUSP00000048239,203,187
CDS_chr11_id00349,ENSMUSG00000040592,ENSMUST00000044228,ENSMUSE00000327006,ENSMUSP00000048239,138,0
CDS_chr11_id00350,ENSMUSG00000040592,ENSMUST00000044228,ENSMUSE00000327000,ENSMUSP00000048239,192,179
CDS_chr11_id00352,ENSMUSG00000040592,ENSMUST00000044228,ENSMUSE00000326986,ENSMUSP00000048239,155,0
CDS_chr7_id00353,ENSMUSG00000034957,ENSMUST00000205391,ENSMUSE00001372459,ENSMUSP00000145942,149,0
CDS_chr7_id00354,ENSMUSG00000034957,ENSMUST00000205391,ENSMUSE00001375119,ENSMUSP00000145942,208,136
CDS_chr1_id00355,ENSMUSG00000026663,ENSMUST00000027974,ENSMUSE00000397121,ENSMUSP00000027974,177,96
CDS_chr1_id00356,ENSMUSG00000026663,ENSMUST00000027974,ENSMUSE00000301635,ENSMUSP00000027974,59,0
CDS_chr1_id00357,ENSMUSG00000026663,ENSMUST00000027974,ENSMUSE00000301626,ENSMUSP00000027974,88,0
CDS_chr1_id00358,ENSMUSG00000026663,ENSMUST00000027974,ENSMUSE00000301618,ENSMUSP00000027974,200,184
CDS_chr1_id00359,ENSMUSG00000026663,ENSMUST00000027974,ENSMUSE00000301613,ENSMUSP00000027974,87,0
CDS_chr1_id00360,ENSMUSG00000026663,ENSMUST00000027974,ENSMUSE00000301604,ENSMUSP00000027974,201,61
CDS_chr1_id00361,ENSMUSG00000026663,ENSMUST00000027974,ENSMUSE00000161705,ENSMUSP00000027974,169,0
CDS_chr1_id00362,ENSMUSG00000026663,ENSMUST00000027974,ENSMUSE00000377772,ENSMUSP00000027974,208,175
CDS_chr1_id00363,ENSMUSG00000026663,ENSMUST00000027974,ENSMUSE00000161718,ENSMUSP00000027974,28,0
CDS_chr1_id00364,ENSMUSG00000026663,ENSMUST00000027974,ENSMUSE00000161703,ENSMUSP00000027974,95,0
CDS_chr1_id00365,ENSMUSG00000026663,ENSMUST00000027974,ENSMUSE00000161696,ENSMUSP00000027974,158,0
CDS_chr1_id00366,ENSMUSG00000026663,ENSMUST00000027974,ENSMUSE00000161712,ENSMUSP00000027974,189,174
CDS_chr1_id00367,ENSMUSG00000026663,ENSMUST00000027974,ENSMUSE00000344780,ENSMUSP00000027974,200,186
CDS_chr1_id00368,ENSMUSG00000026663,ENSMUST00000027974,ENSMUSE00000404835,ENSMUSP00000027974,186,171
CDS_chr1_id00369,ENSMUSG00000026663,ENSMUST00000027974,ENSMUSE00000161720,ENSMUSP00000027974,206,166
CDS_chr1_id00370,ENSMUSG00000026663,ENSMUST00000027974,ENSMUSE00000161714,ENSMUSP00000027974,65,0
CDS_chr2_id00371,ENSMUSG00000074736,ENSMUST00000109935,ENSMUSE00000895725,ENSMUSP00000105561,207,191
CDS_chr2_id00372,ENSMUSG00000074736,ENSMUST00000109935,ENSMUSE00000640273,ENSMUSP00000105561,205,188
CDS_chr2_id00373,ENSMUSG00000074736,ENSMUST00000109935,ENSMUSE00000682150,ENSMUSP00000105561,208,191
CDS_chr2_id00374,ENSMUSG00000038116,ENSMUST00000037401,ENSMUSE00001215115,ENSMUSP00000043138,152,0
CDS_chr2_id00375,ENSMUSG00000038116,ENSMUST00000037401,ENSMUSE00001239669,ENSMUSP00000043138,183,167
CDS_chr2_id00376,ENSMUSG00000038116,ENSMUST00000037401,ENSMUSE00001282394,ENSMUSP00000043138,205,189
CDS_chr2_id00377,ENSMUSG00000038116,ENSMUST00000037401,ENSMUSE00000320292,ENSMUSP00000043138,207,192
CDS_chr2_id00378,ENSMUSG00000038116,ENSMUST00000037401,ENSMUSE00001236052,ENSMUSP00000043138,175,163
CDS_chr2_id00379,ENSMUSG00000038116,ENSMUST00000037401,ENSMUSE00001208467,ENSMUSP00000043138,206,190
CDS_chr2_id00380,ENSMUSG00000038116,ENSMUST00000037401,ENSMUSE00001271329,ENSMUSP00000043138,204,188
CDS_chr2_id00381,ENSMUSG00000038116,ENSMUST00000037401,ENSMUSE00001218306,ENSMUSP00000043138,207,191
CDS_chr2_id00382,ENSMUSG00000038116,ENSMUST00000037401,ENSMUSE00000439743,ENSMUSP00000043138,207,191
CDS_chr2_id00383,ENSMUSG00000038116,ENSMUST00000037401,ENSMUSE00001211829,ENSMUSP00000043138,208,192
CDS_chr2_id00384,ENSMUSG00000038116,ENSMUST00000037401,ENSMUSE00001268399,ENSMUSP00000043138,208,192
CDS_chr2_id00385,ENSMUSG00000038116,ENSMUST00000037401,ENSMUSE00001370261,ENSMUSP00000043138,208,182
CDS_chr2_id00386,ENSMUSG00000038116,ENSMUST00000037401,ENSMUSE00001309181,ENSMUSP00000043138,209,191
CDS_chr2_id00387,ENSMUSG00000038116,ENSMUST00000037401,ENSMUSE00001215795,ENSMUSP00000043138,209,193
CDS_chr2_id00388,ENSMUSG00000038116,ENSMUST00000037401,ENSMUSE00001236199,ENSMUSP00000043138,206,190
CDS_chr2_id00389,ENSMUSG00000038116,ENSMUST00000037401,ENSMUSE00001285240,ENSMUSP00000043138,194,180
CDS_chr2_id00390,ENSMUSG00000038116,ENSMUST00000037401,ENSMUSE00001243997,ENSMUSP00000043138,175,165
CDS_chr10_id00391,ENSMUSG00000056888,ENSMUST00000162508,ENSMUSE00000460482,ENSMUSP00000123990,113,0
CDS_chr10_id00392,ENSMUSG00000056888,ENSMUST00000162508,ENSMUSE00000463287,ENSMUSP00000123990,194,180
CDS_chr10_id00393,ENSMUSG00000056888,ENSMUST00000162508,ENSMUSE00000515755,ENSMUSP00000123990,185,171
CDS_chr10_id00394,ENSMUSG00000056888,ENSMUST00000162508,ENSMUSE00000514631,ENSMUSP00000123990,112,0
CDS_chr10_id00396,ENSMUSG00000056888,ENSMUST00000162508,ENSMUSE00000849707,ENSMUSP00000123990,169,0
CDS_chr9_id00397,ENSMUSG00000032551,ENSMUST00000035154,ENSMUSE00000777264,ENSMUSP00000035154,189,169
CDS_chr9_id00398,ENSMUSG00000032551,ENSMUST00000035154,ENSMUSE00000220695,ENSMUSP00000035154,196,181
CDS_chr9_id00399,ENSMUSG00000032551,ENSMUST00000035154,ENSMUSE00000735146,ENSMUSP00000035154,200,185
CDS_chr4_id00400,ENSMUSG00000029076,ENSMUST00000050078,ENSMUSE00000185252,ENSMUSP00000053175,205,189
CDS_chr4_id00401,ENSMUSG00000029076,ENSMUST00000050078,ENSMUSE00000185247,ENSMUSP00000053175,201,185
CDS_chr4_id00402,ENSMUSG00000029076,ENSMUST00000050078,ENSMUSE00000185248,ENSMUSP00000053175,197,181
CDS_chr4_id00403,ENSMUSG00000029076,ENSMUST00000050078,ENSMUSE00000185251,ENSMUSP00000053175,176,162
CDS_chr4_id00404,ENSMUSG00000029076,ENSMUST00000050078,ENSMUSE00001259087,ENSMUSP00000053175,170,0
CDS_chr4_id00405,ENSMUSG00000029076,ENSMUST00000050078,ENSMUSE00000434278,ENSMUSP00000053175,201,186
CDS_chr8_id00407,ENSMUSG00000052488,ENSMUST00000079510,ENSMUSE00000476518,ENSMUSP00000078469,198,186
CDS_chr8_id00408,ENSMUSG00000052488,ENSMUST00000079510,ENSMUSE00000478018,ENSMUSP00000078469,199,184
CDS_chr8_id00409,ENSMUSG00000052488,ENSMUST00000079510,ENSMUSE00000475385,ENSMUSP00000078469,176,163
CDS_chr8_id00410,ENSMUSG00000052488,ENSMUST00000079510,ENSMUSE00000471969,ENSMUSP00000078469,206,190
CDS_chr8_id00411,ENSMUSG00000052488,ENSMUST00000079510,ENSMUSE00000474507,ENSMUSP00000078469,207,191
CDS_chr8_id00412,ENSMUSG00000052488,ENSMUST00000079510,ENSMUSE00000508652,ENSMUSP00000078469,197,182
CDS_chr8_id00413,ENSMUSG00000052488,ENSMUST00000079510,ENSMUSE00000455908,ENSMUSP00000078469,208,191
CDS_chr8_id00414,ENSMUSG00000052488,ENSMUST00000079510,ENSMUSE00000500218,ENSMUSP00000078469,209,193
CDS_chr8_id00416,ENSMUSG00000052488,ENSMUST00000079510,ENSMUSE00000460743,ENSMUSP00000078469,206,187
CDS_chr8_id00417,ENSMUSG00000052488,ENSMUST00000079510,ENSMUSE00000463654,ENSMUSP00000078469,146,0
CDS_chr8_id00418,ENSMUSG00000052488,ENSMUST00000079510,ENSMUSE00000518878,ENSMUSP00000078469,204,188
CDS_chr8_id00419,ENSMUSG00000052488,ENSMUST00000079510,ENSMUSE00000520548,ENSMUSP00000078469,209,193
CDS_chr8_id00420,ENSMUSG00000052488,ENSMUST00000079510,ENSMUSE00001391921,ENSMUSP00000078469,186,174
CDS_chr8_id00421,ENSMUSG00000052488,ENSMUST00000079510,ENSMUSE00000487889,ENSMUSP00000078469,195,180
CDS_chr8_id00422,ENSMUSG00000052488,ENSMUST00000079510,ENSMUSE00000479976,ENSMUSP00000078469,171,0
CDS_chr8_id00423,ENSMUSG00000052488,ENSMUST00000079510,ENSMUSE00000478928,ENSMUSP00000078469,50,0
CDS_chr11_id00424,ENSMUSG00000001027,ENSMUST00000021056,ENSMUSE00000467661,ENSMUSP00000021056,209,193
CDS_chr11_id00425,ENSMUSG00000001027,ENSMUST00000021056,ENSMUSE00000326755,ENSMUSP00000021056,91,0
CDS_chr11_id00426,ENSMUSG00000001027,ENSMUST00000021056,ENSMUSE00000326745,ENSMUSP00000021056,208,191
CDS_chr11_id00427,ENSMUSG00000001027,ENSMUST00000021056,ENSMUSE00000576263,ENSMUSP00000021056,208,192
CDS_chr11_id00428,ENSMUSG00000001027,ENSMUST00000021056,ENSMUSE00000576262,ENSMUSP00000021056,208,192
CDS_chr11_id00429,ENSMUSG00000001027,ENSMUST00000021056,ENSMUSE00000108418,ENSMUSP00000021056,198,183
CDS_chr11_id00430,ENSMUSG00000001027,ENSMUST00000021056,ENSMUSE00000108447,ENSMUSP00000021056,139,0
CDS_chr11_id00431,ENSMUSG00000001027,ENSMUST00000021056,ENSMUSE00000108431,ENSMUSP00000021056,202,187
CDS_chr11_id00432,ENSMUSG00000001027,ENSMUST00000021056,ENSMUSE00000576261,ENSMUSP00000021056,208,192
CDS_chr11_id00433,ENSMUSG00000001027,ENSMUST00000021056,ENSMUSE00000108448,ENSMUSP00000021056,208,125
CDS_chr11_id00434,ENSMUSG00000001027,ENSMUST00000021056,ENSMUSE00000108443,ENSMUSP00000021056,209,193
CDS_chr11_id00435,ENSMUSG00000001027,ENSMUST00000021056,ENSMUSE00000326830,ENSMUSP00000021056,208,117
CDS_chr11_id00436,ENSMUSG00000001027,ENSMUST00000021056,ENSMUSE00000576259,ENSMUSP00000021056,207,0
CDS_chr11_id00437,ENSMUSG00000001027,ENSMUST00000021056,ENSMUSE00000576258,ENSMUSP00000021056,203,186
CDS_chr11_id00438,ENSMUSG00000001027,ENSMUST00000021056,ENSMUSE00000576257,ENSMUSP00000021056,208,186
CDS_chr11_id00439,ENSMUSG00000001027,ENSMUST00000021056,ENSMUSE00000576256,ENSMUSP00000021056,209,193
CDS_chr11_id00440,ENSMUSG00000001027,ENSMUST00000021056,ENSMUSE00000671251,ENSMUSP00000021056,206,190
CDS_chr11_id00441,ENSMUSG00000001027,ENSMUST00000021056,ENSMUSE00000326822,ENSMUSP00000021056,205,189
CDS_chr11_id00442,ENSMUSG00000001027,ENSMUST00000021056,ENSMUSE00000576265,ENSMUSP00000021056,208,192
CDS_chr11_id00443,ENSMUSG00000001027,ENSMUST00000021056,ENSMUSE00000326805,ENSMUSP00000021056,153,0
CDS_chr11_id00444,ENSMUSG00000001027,ENSMUST00000021056,ENSMUSE00000326797,ENSMUSP00000021056,208,191
CDS_chr11_id00445,ENSMUSG00000001027,ENSMUST00000021056,ENSMUSE00000326788,ENSMUSP00000021056,184,130
CDS_chr11_id00446,ENSMUSG00000001027,ENSMUST00000021056,ENSMUSE00000326775,ENSMUSP00000021056,187,171
CDS_chr11_id00447,ENSMUSG00000001027,ENSMUST00000021056,ENSMUSE00000326765,ENSMUSP00000021056,208,192
CDS_chr9_id00448,ENSMUSG00000035200,ENSMUST00000034854,ENSMUSE00000353677,ENSMUSP00000034854,4,0
CDS_chr9_id00449,ENSMUSG00000035200,ENSMUST00000034854,ENSMUSE00000266346,ENSMUSP00000034854,208,163
CDS_chr9_id00451,ENSMUSG00000035200,ENSMUST00000034854,ENSMUSE00000266298,ENSMUSP00000034854,209,182
CDS_chr9_id00452,ENSMUSG00000035200,ENSMUST00000034854,ENSMUSE00000350694,ENSMUSP00000034854,209,193
CDS_chr9_id00453,ENSMUSG00000035200,ENSMUST00000034854,ENSMUSE00000393652,ENSMUSP00000034854,207,181
CDS_chr11_id00454,ENSMUSG00000018401,ENSMUST00000103179,ENSMUSE00000649159,ENSMUSP00000099468,204,183
CDS_chr11_id00455,ENSMUSG00000018401,ENSMUST00000103179,ENSMUSE00001046669,ENSMUSP00000099468,201,175
CDS_chr11_id00456,ENSMUSG00000018401,ENSMUST00000103179,ENSMUSE00000649156,ENSMUSP00000099468,207,191
CDS_chr11_id00457,ENSMUSG00000018401,ENSMUST00000103179,ENSMUSE00000649155,ENSMUSP00000099468,208,192
CDS_chr11_id00458,ENSMUSG00000018401,ENSMUST00000103179,ENSMUSE00000649154,ENSMUSP00000099468,209,192
CDS_chr11_id00459,ENSMUSG00000018401,ENSMUST00000103179,ENSMUSE00000649152,ENSMUSP00000099468,208,190
CDS_chr11_id00460,ENSMUSG00000018401,ENSMUST00000103179,ENSMUSE00000649151,ENSMUSP00000099468,207,192
CDS_chr11_id00461,ENSMUSG00000018401,ENSMUST00000103179,ENSMUSE00000971159,ENSMUSP00000099468,205,190
CDS_chr11_id00462,ENSMUSG00000018401,ENSMUST00000103179,ENSMUSE00001019028,ENSMUSP00000099468,208,176
CDS_chr11_id00463,ENSMUSG00000018401,ENSMUST00000103179,ENSMUSE00000661506,ENSMUSP00000099468,208,192
CDS_chr11_id00465,ENSMUSG00000018401,ENSMUST00000103179,ENSMUSE00000267803,ENSMUSP00000099468,203,177
CDS_chr11_id00466,ENSMUSG00000018401,ENSMUST00000103179,ENSMUSE00001375651,ENSMUSP00000099468,202,148
CDS_chr11_id00467,ENSMUSG00000018401,ENSMUST00000103179,ENSMUSE00001372923,ENSMUSP00000099468,196,124
CDS_chr11_id00468,ENSMUSG00000018401,ENSMUST00000103179,ENSMUSE00000586341,ENSMUSP00000099468,208,192
CDS_chr11_id00469,ENSMUSG00000018401,ENSMUST00000103179,ENSMUSE00000586340,ENSMUSP00000099468,207,109
CDS_chr11_id00470,ENSMUSG00000018401,ENSMUST00000103179,ENSMUSE00000915400,ENSMUSP00000099468,209,177
CDS_chr11_id00471,ENSMUSG00000018401,ENSMUST00000103179,ENSMUSE00000649160,ENSMUSP00000099468,203,180
CDS_chr4_id00472,ENSMUSG00000028830,ENSMUST00000102608,ENSMUSE00000382161,ENSMUSP00000099668,206,191
CDS_chr4_id00473,ENSMUSG00000028830,ENSMUST00000102608,ENSMUSE00001233590,ENSMUSP00000099668,194,84
CDS_chr4_id00474,ENSMUSG00000028830,ENSMUST00000102608,ENSMUSE00001244605,ENSMUSP00000099668,208,131
CDS_chr4_id00475,ENSMUSG00000028830,ENSMUST00000102608,ENSMUSE00001224440,ENSMUSP00000099668,196,164
CDS_chr4_id00476,ENSMUSG00000028830,ENSMUST00000102608,ENSMUSE00000233342,ENSMUSP00000099668,204,188
CDS_chr4_id00477,ENSMUSG00000028830,ENSMUST00000102608,ENSMUSE00000182520,ENSMUSP00000099668,204,185
CDS_chr4_id00478,ENSMUSG00000028830,ENSMUST00000102608,ENSMUSE00000182524,ENSMUSP00000099668,178,166
CDS_chr4_id00479,ENSMUSG00000028830,ENSMUST00000102608,ENSMUSE00000182522,ENSMUSP00000099668,170,0
CDS_chr4_id00480,ENSMUSG00000028830,ENSMUST00000102608,ENSMUSE00000182525,ENSMUSP00000099668,205,172
CDS_chr4_id00481,ENSMUSG00000028830,ENSMUST00000102608,ENSMUSE00000182523,ENSMUSP00000099668,75,0
CDS_chr4_id00482,ENSMUSG00000028830,ENSMUST00000102608,ENSMUSE00001229254,ENSMUSP00000099668,196,182
CDS_chr4_id00483,ENSMUSG00000028830,ENSMUST00000102608,ENSMUSE00000524916,ENSMUSP00000099668,178,163
CDS_chr4_id00484,ENSMUSG00000028830,ENSMUST00000102608,ENSMUSE00000662081,ENSMUSP00000099668,205,189
CDS_chr4_id00485,ENSMUSG00000028830,ENSMUST00000102608,ENSMUSE00000662080,ENSMUSP00000099668,43,0
CDS_chr4_id00486,ENSMUSG00000028830,ENSMUST00000102608,ENSMUSE00000662079,ENSMUSP00000099668,58,0
CDS_chr4_id00488,ENSMUSG00000028830,ENSMUST00000102608,ENSMUSE00000331250,ENSMUSP00000099668,194,179
CDS_chr4_id00489,ENSMUSG00000028830,ENSMUST00000102608,ENSMUSE00000233523,ENSMUSP00000099668,194,179
CDS_chr4_id00490,ENSMUSG00000028830,ENSMUST00000102608,ENSMUSE00000233515,ENSMUSP00000099668,130,0
CDS_chr4_id00491,ENSMUSG00000028830,ENSMUST00000102608,ENSMUSE00001301214,ENSMUSP00000099668,192,181
CDS_chr4_id00492,ENSMUSG00000028830,ENSMUST00000102608,ENSMUSE00001306363,ENSMUSP00000099668,201,92
CDS_chr4_id00493,ENSMUSG00000028830,ENSMUST00000102608,ENSMUSE00001260521,ENSMUSP00000099668,195,180
CDS_chr4_id00494,ENSMUSG00000028830,ENSMUST00000102608,ENSMUSE00000233484,ENSMUSP00000099668,205,178
CDS_chr17_id00495,ENSMUSG00000045019,ENSMUST00000056113,ENSMUSE00000397041,ENSMUSP00000062037,163,0
CDS_chr17_id00496,ENSMUSG00000045019,ENSMUST00000056113,ENSMUSE00000375667,ENSMUSP00000062037,203,188
CDS_chr17_id00497,ENSMUSG00000045019,ENSMUST00000056113,ENSMUSE00000340449,ENSMUSP00000062037,207,192
CDS_chr17_id00498,ENSMUSG00000045019,ENSMUST00000056113,ENSMUSE00000379369,ENSMUSP00000062037,158,0
CDS_chr17_id00499,ENSMUSG00000045019,ENSMUST00000056113,ENSMUSE00000344102,ENSMUSP00000062037,165,0
CDS_chr17_id00500,ENSMUSG00000045019,ENSMUST00000056113,ENSMUSE00000381806,ENSMUSP00000062037,182,173
CDS_chr2_id00501,ENSMUSG00000026835,ENSMUST00000028179,ENSMUSE00000716176,ENSMUSP00000028179,42,0
CDS_chr2_id00502,ENSMUSG00000026835,ENSMUST00000028179,ENSMUSE00000163326,ENSMUSP00000028179,138,0
CDS_chr2_id00503,ENSMUSG00000026835,ENSMUST00000028179,ENSMUSE00000163319,ENSMUSP00000028179,11,0
CDS_chr2_id00506,ENSMUSG00000026835,ENSMUST00000028179,ENSMUSE00000163324,ENSMUSP00000028179,209,187
CDS_chr2_id00507,ENSMUSG00000026835,ENSMUST00000028179,ENSMUSE00000163322,ENSMUSP00000028179,206,163
CDS_chr2_id00508,ENSMUSG00000026835,ENSMUST00000028179,ENSMUSE00000163318,ENSMUSP00000028179,176,160
CDS_chr2_id00509,ENSMUSG00000026835,ENSMUST00000028179,ENSMUSE00000369003,ENSMUSP00000028179,208,191
CDS_chr2_id00510,ENSMUSG00000023330,ENSMUST00000170908,ENSMUSE00000881201,ENSMUSP00000127662,174,0
CDS_chr2_id00511,ENSMUSG00000023330,ENSMUST00000170908,ENSMUSE00000134433,ENSMUSP00000127662,147,0
CDS_chr2_id00512,ENSMUSG00000023330,ENSMUST00000170908,ENSMUSE00000134432,ENSMUSP00000127662,198,183
CDS_chr2_id00513,ENSMUSG00000023330,ENSMUST00000170908,ENSMUSE00000873233,ENSMUSP00000127662,195,180
CDS_chr16_id00514,ENSMUSG00000035356,ENSMUST00000036273,ENSMUSE00000223267,ENSMUSP00000041173,177,150
CDS_chr16_id00515,ENSMUSG00000035356,ENSMUST00000036273,ENSMUSE00000223262,ENSMUSP00000041173,140,0
CDS_chr16_id00516,ENSMUSG00000035356,ENSMUST00000036273,ENSMUSE00000223252,ENSMUSP00000041173,200,186
CDS_chr16_id00517,ENSMUSG00000035356,ENSMUST00000036273,ENSMUSE00000223247,ENSMUSP00000041173,207,191
CDS_chr16_id00518,ENSMUSG00000035356,ENSMUST00000036273,ENSMUSE00000699437,ENSMUSP00000041173,205,0
CDS_chr16_id00519,ENSMUSG00000035356,ENSMUST00000036273,ENSMUSE00001230244,ENSMUSP00000041173,145,0
CDS_chr16_id00520,ENSMUSG00000035356,ENSMUST00000036273,ENSMUSE00001211112,ENSMUSP00000041173,124,0
CDS_chr16_id00522,ENSMUSG00000035356,ENSMUST00000036273,ENSMUSE00000223292,ENSMUSP00000041173,197,181
CDS_chr16_id00523,ENSMUSG00000035356,ENSMUST00000036273,ENSMUSE00000223286,ENSMUSP00000041173,200,184
CDS_chr16_id00524,ENSMUSG00000035356,ENSMUST00000036273,ENSMUSE00000223280,ENSMUSP00000041173,122,0
CDS_chr16_id00525,ENSMUSG00000035356,ENSMUST00000036273,ENSMUSE00000223272,ENSMUSP00000041173,206,184
CDS_chr1_id00526,ENSMUSG00000026659,ENSMUST00000170420,ENSMUSE00000910860,ENSMUSP00000129515,101,0
CDS_chr1_id00527,ENSMUSG00000026659,ENSMUST00000170420,ENSMUSE00000887175,ENSMUSP00000129515,51,0
CDS_chr8_id00528,ENSMUSG00000037148,ENSMUST00000076316,ENSMUSE00000606969,ENSMUSP00000075658,206,189
CDS_chr8_id00529,ENSMUSG00000037148,ENSMUST00000076316,ENSMUSE00000249881,ENSMUSP00000075658,204,178
CDS_chr8_id00530,ENSMUSG00000037148,ENSMUST00000076316,ENSMUSE00000249874,ENSMUSP00000075658,148,0
CDS_chr8_id00532,ENSMUSG00000037148,ENSMUST00000076316,ENSMUSE00000249855,ENSMUSP00000075658,31,0
CDS_chr8_id00533,ENSMUSG00000037148,ENSMUST00000076316,ENSMUSE00000249849,ENSMUSP00000075658,204,133
CDS_chr8_id00534,ENSMUSG00000037148,ENSMUST00000076316,ENSMUSE00000249845,ENSMUSP00000075658,108,0
CDS_chr8_id00535,ENSMUSG00000037148,ENSMUST00000076316,ENSMUSE00000249835,ENSMUSP00000075658,171,0
CDS_chr8_id00536,ENSMUSG00000037148,ENSMUST00000076316,ENSMUSE00000249828,ENSMUSP00000075658,201,171
CDS_chr8_id00537,ENSMUSG00000037148,ENSMUST00000076316,ENSMUSE00000249822,ENSMUSP00000075658,209,193
CDS_chr8_id00538,ENSMUSG00000037148,ENSMUST00000076316,ENSMUSE00000581707,ENSMUSP00000075658,169,0
CDS_chr8_id00539,ENSMUSG00000037148,ENSMUST00000076316,ENSMUSE00000249935,ENSMUSP00000075658,208,144
CDS_chr8_id00540,ENSMUSG00000037148,ENSMUST00000076316,ENSMUSE00000249805,ENSMUSP00000075658,116,0
CDS_chr8_id00541,ENSMUSG00000037148,ENSMUST00000076316,ENSMUSE00000249793,ENSMUSP00000075658,164,0
CDS_chr8_id00542,ENSMUSG00000037148,ENSMUST00000076316,ENSMUSE00000249785,ENSMUSP00000075658,190,131
CDS_chr8_id00543,ENSMUSG00000037148,ENSMUST00000076316,ENSMUSE00000367409,ENSMUSP00000075658,141,0
CDS_chr8_id00544,ENSMUSG00000037148,ENSMUST00000076316,ENSMUSE00000249927,ENSMUSP00000075658,164,0
CDS_chr8_id00545,ENSMUSG00000037148,ENSMUST00000076316,ENSMUSE00000249918,ENSMUSP00000075658,181,133
CDS_chr8_id00546,ENSMUSG00000037148,ENSMUST00000076316,ENSMUSE00000606968,ENSMUSP00000075658,185,144
CDS_chr8_id00547,ENSMUSG00000037148,ENSMUST00000076316,ENSMUSE00000249910,ENSMUSP00000075658,208,153
CDS_chr8_id00548,ENSMUSG00000037148,ENSMUST00000076316,ENSMUSE00000249902,ENSMUSP00000075658,203,161
CDS_chr8_id00549,ENSMUSG00000037148,ENSMUST00000076316,ENSMUSE00000249896,ENSMUSP00000075658,207,172
CDS_chr8_id00550,ENSMUSG00000037148,ENSMUST00000076316,ENSMUSE00000249889,ENSMUSP00000075658,204,188
CDS_chr17_id00551,ENSMUSG00000002660,ENSMUST00000002735,ENSMUSE00000139817,ENSMUSP00000002735,186,173
CDS_chr17_id00552,ENSMUSG00000002660,ENSMUST00000002735,ENSMUSE00000139818,ENSMUSP00000002735,196,183
CDS_chr17_id00553,ENSMUSG00000002660,ENSMUST00000002735,ENSMUSE00000139816,ENSMUSP00000002735,133,0
CDS_chr17_id00554,ENSMUSG00000002660,ENSMUST00000002735,ENSMUSE00000139820,ENSMUSP00000002735,188,173
CDS_chr17_id00555,ENSMUSG00000002660,ENSMUST00000002735,ENSMUSE00000139822,ENSMUSP00000002735,158,0
CDS_chr17_id00556,ENSMUSG00000002660,ENSMUST00000002735,ENSMUSE00000340174,ENSMUSP00000002735,197,184
CDS_chr10_id00557,ENSMUSG00000020102,ENSMUST00000210780,ENSMUSE00000346617,ENSMUSP00000147560,206,179
CDS_chr10_id00558,ENSMUSG00000020102,ENSMUST00000210780,ENSMUSE00000282648,ENSMUSP00000147560,204,100
CDS_chr10_id00559,ENSMUSG00000020102,ENSMUST00000210780,ENSMUSE00000100664,ENSMUSP00000147560,209,193
CDS_chr10_id00560,ENSMUSG00000020102,ENSMUST00000210780,ENSMUSE00000500485,ENSMUSP00000147560,176,163
CDS_chr1_id00561,ENSMUSG00000026388,ENSMUST00000027637,ENSMUSE00000224130,ENSMUSP00000027637,143,0
CDS_chr1_id00564,ENSMUSG00000026388,ENSMUST00000027637,ENSMUSE00001245599,ENSMUSP00000027637,54,0
CDS_chr14_id00565,ENSMUSG00000037536,ENSMUST00000226395,ENSMUSE00001433942,ENSMUSP00000154340,205,189
CDS_chr17_id00566,ENSMUSG00000002661,ENSMUST00000002737,ENSMUSE00000773318,ENSMUSP00000002737,121,0
CDS_chr17_id00567,ENSMUSG00000002661,ENSMUST00000002737,ENSMUSE00000139827,ENSMUSP00000002737,208,192
CDS_chr17_id00568,ENSMUSG00000002661,ENSMUST00000002737,ENSMUSE00000139832,ENSMUSP00000002737,208,192
CDS_chr17_id00569,ENSMUSG00000002661,ENSMUST00000002737,ENSMUSE00000750138,ENSMUSP00000002737,204,189
CDS_chr9_id00570,ENSMUSG00000023333,ENSMUST00000024104,ENSMUSE00000272376,ENSMUSP00000024104,78,0
CDS_chr9_id00571,ENSMUSG00000023333,ENSMUST00000024104,ENSMUSE00000272353,ENSMUSP00000024104,208,192
CDS_chr9_id00572,ENSMUSG00000023333,ENSMUST00000024104,ENSMUSE00000272334,ENSMUSP00000024104,200,183
CDS_chr9_id00573,ENSMUSG00000023333,ENSMUST00000024104,ENSMUSE00000134438,ENSMUSP00000024104,169,0
CDS_chr9_id00574,ENSMUSG00000023333,ENSMUST00000024104,ENSMUSE00000272289,ENSMUSP00000024104,205,189
CDS_chr17_id00575,ENSMUSG00000024076,ENSMUST00000024880,ENSMUSE00000606178,ENSMUSP00000024880,208,83
CDS_chr17_id00576,ENSMUSG00000024076,ENSMUST00000024880,ENSMUSE00000606177,ENSMUSP00000024880,196,181
CDS_chr17_id00577,ENSMUSG00000024076,ENSMUST00000024880,ENSMUSE00000606176,ENSMUSP00000024880,200,187
CDS_chr17_id00578,ENSMUSG00000024076,ENSMUST00000024880,ENSMUSE00000606175,ENSMUSP00000024880,208,192
CDS_chr17_id00579,ENSMUSG00000024076,ENSMUST00000024880,ENSMUSE00000539934,ENSMUSP00000024880,71,0
CDS_chr17_id00580,ENSMUSG00000024076,ENSMUST00000024880,ENSMUSE00000606186,ENSMUSP00000024880,1,0
CDS_chr17_id00581,ENSMUSG00000024076,ENSMUST00000024880,ENSMUSE00000606185,ENSMUSP00000024880,109,0
CDS_chr17_id00582,ENSMUSG00000024076,ENSMUST00000024880,ENSMUSE00000606184,ENSMUSP00000024880,188,172
CDS_chr17_id00583,ENSMUSG00000024076,ENSMUST00000024880,ENSMUSE00000606183,ENSMUSP00000024880,147,0
CDS_chr17_id00584,ENSMUSG00000024076,ENSMUST00000024880,ENSMUSE00000606182,ENSMUSP00000024880,75,0
CDS_chr17_id00585,ENSMUSG00000024076,ENSMUST00000024880,ENSMUSE00000606181,ENSMUSP00000024880,195,181
CDS_chr17_id00587,ENSMUSG00000024076,ENSMUST00000024880,ENSMUSE00000606179,ENSMUSP00000024880,42,0
CDS_chr5_id00589,ENSMUSG00000054892,ENSMUST00000113604,ENSMUSE00000518271,ENSMUSP00000109234,205,187
CDS_chr5_id00590,ENSMUSG00000054892,ENSMUST00000113604,ENSMUSE00000517186,ENSMUSP00000109234,207,192
CDS_chr5_id00591,ENSMUSG00000054892,ENSMUST00000113604,ENSMUSE00000465643,ENSMUSP00000109234,168,0
CDS_chr5_id00592,ENSMUSG00000054892,ENSMUST00000113604,ENSMUSE00000467399,ENSMUSP00000109234,209,167
CDS_chr5_id00593,ENSMUSG00000054892,ENSMUST00000113604,ENSMUSE00000462941,ENSMUSP00000109234,209,190
CDS_chr5_id00594,ENSMUSG00000054892,ENSMUST00000113604,ENSMUSE00001363807,ENSMUSP00000109234,22,0
CDS_chr5_id00595,ENSMUSG00000054892,ENSMUST00000113604,ENSMUSE00000696359,ENSMUSP00000109234,8,0
CDS_chr5_id00596,ENSMUSG00000054892,ENSMUST00000113604,ENSMUSE00000461870,ENSMUSP00000109234,48,0
CDS_chr5_id00597,ENSMUSG00000054892,ENSMUST00000113604,ENSMUSE00000472636,ENSMUSP00000109234,207,192
CDS_chr5_id00598,ENSMUSG00000054892,ENSMUST00000113604,ENSMUSE00000475400,ENSMUSP00000109234,176,22
CDS_chr5_id00599,ENSMUSG00000054892,ENSMUST00000113604,ENSMUSE00000469826,ENSMUSP00000109234,41,0
CDS_chr5_id00600,ENSMUSG00000054892,ENSMUST00000113604,ENSMUSE00000230698,ENSMUSP00000109234,205,34
CDS_chr5_id00601,ENSMUSG00000054892,ENSMUST00000113604,ENSMUSE00000230692,ENSMUSP00000109234,201,128
CDS_chr5_id00602,ENSMUSG00000054892,ENSMUST00000113604,ENSMUSE00000230686,ENSMUSP00000109234,135,0
CDS_chr17_id00604,ENSMUSG00000055817,ENSMUST00000177069,ENSMUSE00001214146,ENSMUSP00000135064,206,15
CDS_chr17_id00605,ENSMUSG00000002664,ENSMUST00000002740,ENSMUSE00000365235,ENSMUSP00000002740,190,177
CDS_chr17_id00606,ENSMUSG00000002664,ENSMUST00000002740,ENSMUSE00000139842,ENSMUSP00000002740,202,186
CDS_chr14_id00607,ENSMUSG00000022043,ENSMUST00000022623,ENSMUSE00000750155,ENSMUSP00000022623,144,0
CDS_chr14_id00608,ENSMUSG00000022043,ENSMUST00000022623,ENSMUSE00000123181,ENSMUSP00000022623,162,0
CDS_chr14_id00609,ENSMUSG00000022043,ENSMUST00000022623,ENSMUSE00000123182,ENSMUSP00000022623,202,187
CDS_chr14_id00611,ENSMUSG00000022043,ENSMUST00000022623,ENSMUSE00000123179,ENSMUSP00000022623,149,0
CDS_chr14_id00612,ENSMUSG00000022043,ENSMUST00000022623,ENSMUSE00000730195,ENSMUSP00000022623,206,191
CDS_chr1_id00615,ENSMUSG00000070524,ENSMUST00000094337,ENSMUSE00000593048,ENSMUSP00000091895,196,182
CDS_chr1_id00616,ENSMUSG00000070524,ENSMUST00000094337,ENSMUSE00000593047,ENSMUSP00000091895,190,174
CDS_chr1_id00617,ENSMUSG00000070524,ENSMUST00000094337,ENSMUSE00000593046,ENSMUSP00000091895,126,0
CDS_chr1_id00618,ENSMUSG00000070524,ENSMUST00000094337,ENSMUSE00000593045,ENSMUSP00000091895,184,174
CDS_chr7_id00619,ENSMUSG00000025498,ENSMUST00000106023,ENSMUSE00000631783,ENSMUSP00000101644,182,168
CDS_chr7_id00621,ENSMUSG00000025498,ENSMUST00000106023,ENSMUSE00001266387,ENSMUSP00000101644,207,187
CDS_chr7_id00622,ENSMUSG00000025498,ENSMUST00000106023,ENSMUSE00001310535,ENSMUSP00000101644,199,184
CDS_chr7_id00623,ENSMUSG00000025498,ENSMUST00000106023,ENSMUSE00001292702,ENSMUSP00000101644,86,0
CDS_chr7_id00624,ENSMUSG00000025498,ENSMUST00000106023,ENSMUSE00001264959,ENSMUSP00000101644,186,29
CDS_chr7_id00625,ENSMUSG00000025498,ENSMUST00000106023,ENSMUSE00001247023,ENSMUSP00000101644,168,0
CDS_chr7_id00626,ENSMUSG00000025498,ENSMUST00000106023,ENSMUSE00001234148,ENSMUSP00000101644,198,184
CDS_chr7_id00627,ENSMUSG00000025498,ENSMUST00000106023,ENSMUSE00001224753,ENSMUSP00000101644,207,192
CDS_chrX_id00629,ENSMUSG00000031250,ENSMUST00000033602,ENSMUSE00000207599,ENSMUSP00000033602,204,188
CDS_chrX_id00630,ENSMUSG00000031250,ENSMUST00000033602,ENSMUSE00000207594,ENSMUSP00000033602,192,177
CDS_chrX_id00631,ENSMUSG00000031250,ENSMUST00000033602,ENSMUSE00000207597,ENSMUSP00000033602,204,189
CDS_chrX_id00632,ENSMUSG00000031250,ENSMUST00000033602,ENSMUSE00000207598,ENSMUSP00000033602,85,0
CDS_chrX_id00633,ENSMUSG00000031250,ENSMUST00000033602,ENSMUSE00000207596,ENSMUSP00000033602,150,0
CDS_chrX_id00634,ENSMUSG00000031250,ENSMUST00000033602,ENSMUSE00000455105,ENSMUSP00000033602,208,192
CDS_chr2_id00635,ENSMUSG00000068134,ENSMUST00000089207,ENSMUSE00000737062,ENSMUSP00000086615,119,0
CDS_chr2_id00636,ENSMUSG00000068134,ENSMUST00000089207,ENSMUSE00001240722,ENSMUSP00000086615,210,192
CDS_chr2_id00637,ENSMUSG00000068134,ENSMUST00000089207,ENSMUSE00000556890,ENSMUSP00000086615,11,0
CDS_chr2_id00638,ENSMUSG00000068134,ENSMUST00000089207,ENSMUSE00001266582,ENSMUSP00000086615,209,193
CDS_chr16_id00639,ENSMUSG00000022913,ENSMUST00000023630,ENSMUSE00001450513,ENSMUSP00000023630,70,0
CDS_chr16_id00640,ENSMUSG00000022913,ENSMUST00000023630,ENSMUSE00000262932,ENSMUSP00000023630,89,0
CDS_chr16_id00641,ENSMUSG00000022913,ENSMUST00000023630,ENSMUSE00001226736,ENSMUSP00000023630,171,0
CDS_chr16_id00642,ENSMUSG00000022913,ENSMUST00000023630,ENSMUSE00001245768,ENSMUSP00000023630,80,0
CDS_chr16_id00643,ENSMUSG00000022913,ENSMUST00000023630,ENSMUSE00001289583,ENSMUSP00000023630,120,0
CDS_chr16_id00644,ENSMUSG00000022913,ENSMUST00000023630,ENSMUSE00001245955,ENSMUSP00000023630,164,0
CDS_chr16_id00645,ENSMUSG00000022913,ENSMUST00000023630,ENSMUSE00000336938,ENSMUSP00000023630,199,183
CDS_chr14_id00646,ENSMUSG00000021945,ENSMUST00000022511,ENSMUSE00000377580,ENSMUSP00000022511,207,180
CDS_chr14_id00647,ENSMUSG00000021945,ENSMUST00000022511,ENSMUSE00000558551,ENSMUSP00000022511,208,186
CDS_chr14_id00648,ENSMUSG00000021945,ENSMUST00000022511,ENSMUSE00000648372,ENSMUSP00000022511,207,185
CDS_chr14_id00650,ENSMUSG00000021945,ENSMUST00000022511,ENSMUSE00000348517,ENSMUSP00000022511,207,177
CDS_chr14_id00651,ENSMUSG00000021945,ENSMUST00000022511,ENSMUSE00000309036,ENSMUSP00000022511,184,171
CDS_chr14_id00652,ENSMUSG00000021945,ENSMUST00000022511,ENSMUSE00000361914,ENSMUSP00000022511,174,0
CDS_chr14_id00653,ENSMUSG00000021945,ENSMUST00000022511,ENSMUSE00000309015,ENSMUSP00000022511,207,191
CDS_chr14_id00654,ENSMUSG00000021945,ENSMUST00000022511,ENSMUSE00000459480,ENSMUSP00000022511,208,192
CDS_chr14_id00655,ENSMUSG00000021945,ENSMUST00000022511,ENSMUSE00000396819,ENSMUSP00000022511,144,0
CDS_chr14_id00656,ENSMUSG00000021945,ENSMUST00000022511,ENSMUSE00000476362,ENSMUSP00000022511,207,191
CDS_chr14_id00657,ENSMUSG00000021945,ENSMUST00000022511,ENSMUSE00000353780,ENSMUSP00000022511,207,190
CDS_chr14_id00658,ENSMUSG00000021945,ENSMUST00000022511,ENSMUSE00000122345,ENSMUSP00000022511,208,191
CDS_chr14_id00659,ENSMUSG00000021945,ENSMUST00000022511,ENSMUSE00000122336,ENSMUSP00000022511,207,191
CDS_chr14_id00660,ENSMUSG00000021945,ENSMUST00000022511,ENSMUSE00000406546,ENSMUSP00000022511,178,127
CDS_chr14_id00661,ENSMUSG00000021945,ENSMUST00000022511,ENSMUSE00001081169,ENSMUSP00000022511,209,193
CDS_chr14_id00662,ENSMUSG00000021945,ENSMUST00000022511,ENSMUSE00001037220,ENSMUSP00000022511,208,191
CDS_chr14_id00663,ENSMUSG00000021945,ENSMUST00000022511,ENSMUSE00000309143,ENSMUSP00000022511,202,186
CDS_chr14_id00664,ENSMUSG00000021945,ENSMUST00000022511,ENSMUSE00000309133,ENSMUSP00000022511,208,171
CDS_chr14_id00665,ENSMUSG00000021945,ENSMUST00000022511,ENSMUSE00000459528,ENSMUSP00000022511,201,186
CDS_chr14_id00666,ENSMUSG00000021945,ENSMUST00000022511,ENSMUSE00000309067,ENSMUSP00000022511,198,182
CDS_chr14_id00667,ENSMUSG00000021945,ENSMUST00000022511,ENSMUSE00000405913,ENSMUSP00000022511,208,192
CDS_chr14_id00668,ENSMUSG00000021945,ENSMUST00000022511,ENSMUSE00000368019,ENSMUSP00000022511,206,190
CDS_chr2_id00669,ENSMUSG00000043415,ENSMUST00000052168,ENSMUSE00000405067,ENSMUSP00000100617,157,0
CDS_chr9_id00671,ENSMUSG00000032564,ENSMUST00000057742,ENSMUSE00000335902,ENSMUSP00000049663,208,108
CDS_chr9_id00672,ENSMUSG00000032564,ENSMUST00000057742,ENSMUSE00000419775,ENSMUSP00000049663,208,192
CDS_chr9_id00673,ENSMUSG00000032564,ENSMUST00000057742,ENSMUSE00000354730,ENSMUSP00000049663,208,186
CDS_chr9_id00674,ENSMUSG00000032564,ENSMUST00000057742,ENSMUSE00000220909,ENSMUSP00000049663,199,0
CDS_chr9_id00675,ENSMUSG00000032564,ENSMUST00000057742,ENSMUSE00000220911,ENSMUSP00000049663,201,186
CDS_chr9_id00676,ENSMUSG00000032564,ENSMUST00000057742,ENSMUSE00000220906,ENSMUSP00000049663,209,193
CDS_chr9_id00677,ENSMUSG00000032564,ENSMUST00000057742,ENSMUSE00000692322,ENSMUSP00000049663,207,184
CDS_chr9_id00678,ENSMUSG00000032564,ENSMUST00000057742,ENSMUSE00000530465,ENSMUSP00000049663,176,167
CDS_chr9_id00679,ENSMUSG00000032564,ENSMUST00000057742,ENSMUSE00000419848,ENSMUSP00000049663,208,192
CDS_chr9_id00680,ENSMUSG00000032564,ENSMUST00000057742,ENSMUSE00000419836,ENSMUSP00000049663,92,0
CDS_chr9_id00681,ENSMUSG00000032564,ENSMUST00000057742,ENSMUSE00000419823,ENSMUSP00000049663,206,127
CDS_chr9_id00682,ENSMUSG00000032564,ENSMUST00000057742,ENSMUSE00000266900,ENSMUSP00000049663,204,136
CDS_chr9_id00683,ENSMUSG00000032564,ENSMUST00000057742,ENSMUSE00000366923,ENSMUSP00000049663,208,158
CDS_chr9_id00684,ENSMUSG00000032564,ENSMUST00000057742,ENSMUSE00000365756,ENSMUSP00000049663,206,178
CDS_chr9_id00685,ENSMUSG00000032564,ENSMUST00000057742,ENSMUSE00000412911,ENSMUSP00000049663,206,178
CDS_chr9_id00686,ENSMUSG00000050445,ENSMUST00000062474,ENSMUSE00000391419,ENSMUSP00000052989,203,187
CDS_chr1_id00687,ENSMUSG00000038806,ENSMUST00000038091,ENSMUSE00000394994,ENSMUSP00000037890,142,0
CDS_chr1_id00688,ENSMUSG00000038806,ENSMUST00000038091,ENSMUSE00000364120,ENSMUSP00000037890,107,0
CDS_chr1_id00689,ENSMUSG00000038806,ENSMUST00000038091,ENSMUSE00000307358,ENSMUSP00000037890,159,0
CDS_chr1_id00690,ENSMUSG00000038806,ENSMUST00000038091,ENSMUSE00000307349,ENSMUSP00000037890,163,0
CDS_chr1_id00691,ENSMUSG00000038806,ENSMUST00000038091,ENSMUSE00000409815,ENSMUSP00000037890,106,0
CDS_chr1_id00692,ENSMUSG00000038806,ENSMUST00000038091,ENSMUSE00000401909,ENSMUSP00000037890,159,0
CDS_chr1_id00693,ENSMUSG00000038806,ENSMUST00000038091,ENSMUSE00000358944,ENSMUSP00000037890,202,187
CDS_chr12_id00694,ENSMUSG00000021886,ENSMUST00000075072,ENSMUSE00000289953,ENSMUSP00000074581,206,190
CDS_chr15_id00696,ENSMUSG00000000552,ENSMUST00000168828,ENSMUSE00000994362,ENSMUSP00000130176,95,0
CDS_chr15_id00697,ENSMUSG00000000552,ENSMUST00000168828,ENSMUSE00000548698,ENSMUSP00000130176,200,166
CDS_chr15_id00698,ENSMUSG00000000552,ENSMUST00000168828,ENSMUSE00000548692,ENSMUSP00000130176,190,175
CDS_chr15_id00699,ENSMUSG00000000552,ENSMUST00000168828,ENSMUSE00000548689,ENSMUSP00000130176,200,184
CDS_chr15_id00700,ENSMUSG00000000552,ENSMUST00000168828,ENSMUSE00000915991,ENSMUSP00000130176,209,193
CDS_chr15_id00701,ENSMUSG00000000552,ENSMUST00000168828,ENSMUSE00000548684,ENSMUSP00000130176,209,193
CDS_chr15_id00702,ENSMUSG00000000552,ENSMUST00000168828,ENSMUSE00000548637,ENSMUSP00000130176,176,167
CDS_chr2_id00703,ENSMUSG00000050199,ENSMUST00000046548,ENSMUSE00000686433,ENSMUSP00000047325,54,0
CDS_chr2_id00704,ENSMUSG00000050199,ENSMUST00000046548,ENSMUSE00000315536,ENSMUSP00000047325,207,186
CDS_chr2_id00705,ENSMUSG00000050199,ENSMUST00000046548,ENSMUSE00000345648,ENSMUSP00000047325,135,0
CDS_chr2_id00706,ENSMUSG00000050199,ENSMUST00000046548,ENSMUSE00000440130,ENSMUSP00000047325,193,177
CDS_chr2_id00707,ENSMUSG00000050199,ENSMUST00000046548,ENSMUSE00000440122,ENSMUSP00000047325,190,30
CDS_chr2_id00708,ENSMUSG00000050199,ENSMUST00000046548,ENSMUSE00000440118,ENSMUSP00000047325,164,0
CDS_chr2_id00709,ENSMUSG00000050199,ENSMUST00000046548,ENSMUSE00000440113,ENSMUSP00000047325,196,183
CDS_chr2_id00710,ENSMUSG00000050199,ENSMUST00000046548,ENSMUSE00000359323,ENSMUSP00000047325,193,179
CDS_chr2_id00711,ENSMUSG00000050199,ENSMUST00000046548,ENSMUSE00000315414,ENSMUSP00000047325,132,0
CDS_chr2_id00712,ENSMUSG00000050199,ENSMUST00000046548,ENSMUSE00000476247,ENSMUSP00000047325,208,192
CDS_chr2_id00713,ENSMUSG00000050199,ENSMUST00000046548,ENSMUSE00000376695,ENSMUSP00000047325,161,0
CDS_chr2_id00714,ENSMUSG00000050199,ENSMUST00000046548,ENSMUSE00001293560,ENSMUSP00000047325,206,190
CDS_chr2_id00715,ENSMUSG00000050199,ENSMUST00000046548,ENSMUSE00001304415,ENSMUSP00000047325,179,160
CDS_chr2_id00716,ENSMUSG00000050199,ENSMUST00000046548,ENSMUSE00001302312,ENSMUSP00000047325,208,192
CDS_chr2_id00717,ENSMUSG00000050199,ENSMUST00000046548,ENSMUSE00000315564,ENSMUSP00000047325,208,173
CDS_chr2_id00718,ENSMUSG00000050199,ENSMUST00000046548,ENSMUSE00000315555,ENSMUSP00000047325,207,183
CDS_chr2_id00719,ENSMUSG00000050199,ENSMUST00000046548,ENSMUSE00000315550,ENSMUSP00000047325,207,186
CDS_chr2_id00720,ENSMUSG00000050199,ENSMUST00000046548,ENSMUSE00000315544,ENSMUSP00000047325,208,192
CDS_chr4_id00722,ENSMUSG00000006398,ENSMUST00000006565,ENSMUSE00000806062,ENSMUSP00000006565,184,172
CDS_chr4_id00723,ENSMUSG00000006398,ENSMUST00000006565,ENSMUSE00001310529,ENSMUSP00000006565,171,0
CDS_chr4_id00724,ENSMUSG00000006398,ENSMUST00000006565,ENSMUSE00001264646,ENSMUSP00000006565,205,190
CDS_chr4_id00725,ENSMUSG00000006398,ENSMUST00000006565,ENSMUSE00001275706,ENSMUSP00000006565,204,186
CDS_chr4_id00726,ENSMUSG00000006398,ENSMUST00000006565,ENSMUSE00001284578,ENSMUSP00000006565,205,189
CDS_chr4_id00727,ENSMUSG00000006398,ENSMUST00000006565,ENSMUSE00001282277,ENSMUSP00000006565,207,191
CDS_chr4_id00728,ENSMUSG00000006398,ENSMUST00000006565,ENSMUSE00001263660,ENSMUSP00000006565,206,186
CDS_chr4_id00729,ENSMUSG00000006398,ENSMUST00000006565,ENSMUSE00000134836,ENSMUSP00000006565,208,192
CDS_chr4_id00730,ENSMUSG00000006398,ENSMUST00000006565,ENSMUSE00001300812,ENSMUSP00000006565,206,175
CDS_chr4_id00731,ENSMUSG00000006398,ENSMUST00000006565,ENSMUSE00001266129,ENSMUSP00000006565,198,177
CDS_chr2_id00732,ENSMUSG00000045150,ENSMUST00000214438,ENSMUSE00001401754,ENSMUSP00000150251,10,0
CDS_chr16_id00733,ENSMUSG00000060166,ENSMUST00000076957,ENSMUSE00000562124,ENSMUSP00000076224,207,127
CDS_chr16_id00734,ENSMUSG00000060166,ENSMUST00000076957,ENSMUSE00000474957,ENSMUSP00000076224,208,192
CDS_chr16_id00735,ENSMUSG00000060166,ENSMUST00000076957,ENSMUSE00000474060,ENSMUSP00000076224,206,182
CDS_chr16_id00736,ENSMUSG00000060166,ENSMUST00000076957,ENSMUSE00000562123,ENSMUSP00000076224,205,189
CDS_chr16_id00737,ENSMUSG00000060166,ENSMUST00000076957,ENSMUSE00000562122,ENSMUSP00000076224,207,189
CDS_chr16_id00738,ENSMUSG00000060166,ENSMUST00000076957,ENSMUSE00000562121,ENSMUSP00000076224,208,183
CDS_chr16_id00739,ENSMUSG00000060166,ENSMUST00000076957,ENSMUSE00000562119,ENSMUSP00000076224,208,172
CDS_chr16_id00740,ENSMUSG00000060166,ENSMUST00000076957,ENSMUSE00000562118,ENSMUSP00000076224,207,165
CDS_chr16_id00741,ENSMUSG00000060166,ENSMUST00000076957,ENSMUSE00000562117,ENSMUSP00000076224,203,188
CDS_chr16_id00742,ENSMUSG00000060166,ENSMUST00000076957,ENSMUSE00000562116,ENSMUSP00000076224,208,192
CDS_chr16_id00743,ENSMUSG00000060166,ENSMUST00000076957,ENSMUSE00000562115,ENSMUSP00000076224,208,192
CDS_chr2_id00744,ENSMUSG00000026959,ENSMUST00000114312,ENSMUSE00000698893,ENSMUSP00000109951,208,193
CDS_chr2_id00745,ENSMUSG00000026959,ENSMUST00000114312,ENSMUSE00000164824,ENSMUSP00000109951,208,192
CDS_chr2_id00746,ENSMUSG00000026959,ENSMUST00000114312,ENSMUSE00000164829,ENSMUSP00000109951,209,190
CDS_chr2_id00747,ENSMUSG00000026959,ENSMUST00000114312,ENSMUSE00000164816,ENSMUSP00000109951,206,190
CDS_chr2_id00748,ENSMUSG00000026959,ENSMUST00000114312,ENSMUSE00000164828,ENSMUSP00000109951,205,189
CDS_chr2_id00749,ENSMUSG00000026959,ENSMUST00000114312,ENSMUSE00000164822,ENSMUSP00000109951,208,189
CDS_chr2_id00750,ENSMUSG00000026959,ENSMUST00000114312,ENSMUSE00000164832,ENSMUSP00000109951,200,186
CDS_chr2_id00751,ENSMUSG00000026959,ENSMUST00000114312,ENSMUSE00000164834,ENSMUSP00000109951,202,186
CDS_chr2_id00752,ENSMUSG00000026959,ENSMUST00000114312,ENSMUSE00001222883,ENSMUSP00000109951,209,193
CDS_chr2_id00753,ENSMUSG00000026959,ENSMUST00000114312,ENSMUSE00001213961,ENSMUSP00000109951,209,193
CDS_chr2_id00754,ENSMUSG00000026959,ENSMUST00000114312,ENSMUSE00000698900,ENSMUSP00000109951,165,0
CDS_chr2_id00755,ENSMUSG00000026959,ENSMUST00000114312,ENSMUSE00001274722,ENSMUSP00000109951,194,180
CDS_chr2_id00756,ENSMUSG00000026959,ENSMUST00000114312,ENSMUSE00000164819,ENSMUSP00000109951,203,187
CDS_chr2_id00757,ENSMUSG00000026959,ENSMUST00000114312,ENSMUSE00000164820,ENSMUSP00000109951,157,0
CDS_chr2_id00758,ENSMUSG00000026959,ENSMUST00000114312,ENSMUSE00000164814,ENSMUSP00000109951,203,189
CDS_chr2_id00759,ENSMUSG00000026959,ENSMUST00000114312,ENSMUSE00000404685,ENSMUSP00000109951,202,188
CDS_chr2_id00760,ENSMUSG00000026959,ENSMUST00000114312,ENSMUSE00001256405,ENSMUSP00000109951,195,182
CDS_chr2_id00761,ENSMUSG00000026959,ENSMUST00000114312,ENSMUSE00000164831,ENSMUSP00000109951,188,175
CDS_chr2_id00762,ENSMUSG00000026959,ENSMUST00000114312,ENSMUSE00000164830,ENSMUSP00000109951,205,188
CDS_chr11_id00763,ENSMUSG00000017204,ENSMUST00000017348,ENSMUSE00001031552,ENSMUSP00000017348,194,178
CDS_chr11_id00764,ENSMUSG00000017204,ENSMUST00000017348,ENSMUSE00000280887,ENSMUSP00000017348,205,182
CDS_chr11_id00765,ENSMUSG00000017204,ENSMUST00000017348,ENSMUSE00000280878,ENSMUSP00000017348,209,192
CDS_chr11_id00766,ENSMUSG00000017204,ENSMUST00000017348,ENSMUSE00001083916,ENSMUSP00000017348,209,193
CDS_chr11_id00767,ENSMUSG00000017204,ENSMUST00000017348,ENSMUSE00001094360,ENSMUSP00000017348,200,185
CDS_chr11_id00768,ENSMUSG00000017204,ENSMUST00000017348,ENSMUSE00001078495,ENSMUSP00000017348,187,174
CDS_chr11_id00769,ENSMUSG00000017204,ENSMUST00000017348,ENSMUSE00001031008,ENSMUSP00000017348,163,0
CDS_chr11_id00773,ENSMUSG00000017204,ENSMUST00000017348,ENSMUSE00001033603,ENSMUSP00000017348,198,182
CDS_chr1_id00774,ENSMUSG00000026389,ENSMUST00000140490,ENSMUSE00001236262,ENSMUSP00000121046,208,192
CDS_chr1_id00775,ENSMUSG00000026389,ENSMUST00000140490,ENSMUSE00000158639,ENSMUSP00000121046,208,0
CDS_chr1_id00776,ENSMUSG00000026389,ENSMUST00000140490,ENSMUSE00000158642,ENSMUSP00000121046,205,0
CDS_chr1_id00777,ENSMUSG00000026389,ENSMUST00000140490,ENSMUSE00000836930,ENSMUSP00000121046,63,0
CDS_chr2_id00778,ENSMUSG00000075140,ENSMUST00000129056,ENSMUSE00000812741,ENSMUSP00000149472,11,0
CDS_chr10_id00781,ENSMUSG00000091415,ENSMUST00000173494,ENSMUSE00000928800,ENSMUSP00000134177,1,0
CDS_chr10_id00805,ENSMUSG00000091415,ENSMUST00000173494,ENSMUSE00000888414,ENSMUSP00000134177,1,0
CDS_chr5_id00818,ENSMUSG00000029306,ENSMUST00000031246,ENSMUSE00000316449,ENSMUSP00000031246,157,0
CDS_chr5_id00819,ENSMUSG00000029306,ENSMUST00000031246,ENSMUSE00000187858,ENSMUSP00000031246,200,0
CDS_chr5_id00820,ENSMUSG00000029306,ENSMUST00000031246,ENSMUSE00000187853,ENSMUSP00000031246,199,0
CDS_chr5_id00821,ENSMUSG00000029306,ENSMUST00000031246,ENSMUSE00000187855,ENSMUSP00000031246,35,0
CDS_chr5_id00822,ENSMUSG00000029306,ENSMUST00000031246,ENSMUSE00000187854,ENSMUSP00000031246,174,0
CDS_chr5_id00823,ENSMUSG00000029306,ENSMUST00000031246,ENSMUSE00000497461,ENSMUSP00000031246,204,0
CDS_chr5_id00825,ENSMUSG00000060512,ENSMUST00000081747,ENSMUSE00000391744,ENSMUSP00000080443,200,0
CDS_chr17_id00826,ENSMUSG00000007670,ENSMUST00000007814,ENSMUSE00000606606,ENSMUSP00000007814,17,0
CDS_chr17_id00827,ENSMUSG00000007670,ENSMUST00000007814,ENSMUSE00000416847,ENSMUSP00000007814,209,0
CDS_chr17_id00828,ENSMUSG00000007670,ENSMUST00000007814,ENSMUSE00000541330,ENSMUSP00000007814,209,0
CDS_chr17_id00829,ENSMUSG00000007670,ENSMUST00000007814,ENSMUSE00000541329,ENSMUSP00000007814,199,0
CDS_chr17_id00830,ENSMUSG00000007670,ENSMUST00000007814,ENSMUSE00000541328,ENSMUSP00000007814,208,0
CDS_chr17_id00831,ENSMUSG00000007670,ENSMUST00000007814,ENSMUSE00001080545,ENSMUSP00000007814,197,0
CDS_chr17_id00832,ENSMUSG00000007670,ENSMUST00000007814,ENSMUSE00000989806,ENSMUSP00000007814,206,0
CDS_chr17_id00833,ENSMUSG00000007670,ENSMUST00000007814,ENSMUSE00000416399,ENSMUSP00000007814,206,0
CDS_chr17_id00834,ENSMUSG00000007670,ENSMUST00000007814,ENSMUSE00000964190,ENSMUSP00000007814,205,0
CDS_chr17_id00835,ENSMUSG00000007670,ENSMUST00000007814,ENSMUSE00000504680,ENSMUSP00000007814,206,0
CDS_chr17_id00836,ENSMUSG00000007670,ENSMUST00000007814,ENSMUSE00000416913,ENSMUSP00000007814,205,0
CDS_chr17_id00840,ENSMUSG00000007670,ENSMUST00000007814,ENSMUSE00000606602,ENSMUSP00000007814,208,0
CDS_chr17_id00841,ENSMUSG00000007670,ENSMUST00000007814,ENSMUSE00000524328,ENSMUSP00000007814,172,0
CDS_chr17_id00842,ENSMUSG00000007670,ENSMUST00000007814,ENSMUSE00000416861,ENSMUSP00000007814,208,0
CDS_chr17_id00843,ENSMUSG00000007670,ENSMUST00000007814,ENSMUSE00000541331,ENSMUSP00000007814,209,0
CDS_chr4_id00844,ENSMUSG00000028560,ENSMUST00000030289,ENSMUSE00000281869,ENSMUSP00000030289,210,0
CDS_chr4_id00845,ENSMUSG00000028560,ENSMUST00000030289,ENSMUSE00000180155,ENSMUSP00000030289,171,0
CDS_chr4_id00846,ENSMUSG00000028560,ENSMUST00000030289,ENSMUSE00000180168,ENSMUSP00000030289,208,0
CDS_chr4_id00847,ENSMUSG00000028560,ENSMUST00000030289,ENSMUSE00000180153,ENSMUSP00000030289,207,0
CDS_chr4_id00848,ENSMUSG00000028560,ENSMUST00000030289,ENSMUSE00000392424,ENSMUSP00000030289,205,0
CDS_chr4_id00849,ENSMUSG00000028560,ENSMUST00000030289,ENSMUSE00000180157,ENSMUSP00000030289,102,0
CDS_chr4_id00850,ENSMUSG00000028560,ENSMUST00000030289,ENSMUSE00000180164,ENSMUSP00000030289,205,0
CDS_chr4_id00851,ENSMUSG00000028560,ENSMUST00000030289,ENSMUSE00000569586,ENSMUSP00000030289,200,0
CDS_chr10_id00852,ENSMUSG00000047417,ENSMUST00000057910,ENSMUSE00000877462,ENSMUSP00000049705,168,0
CDS_chr10_id00853,ENSMUSG00000047417,ENSMUST00000057910,ENSMUSE00001219950,ENSMUSP00000049705,189,0
CDS_chr10_id00854,ENSMUSG00000047417,ENSMUST00000057910,ENSMUSE00001224344,ENSMUSP00000049705,172,0
CDS_chr10_id00855,ENSMUSG00000047417,ENSMUST00000057910,ENSMUSE00001279161,ENSMUSP00000049705,176,0
CDS_chr10_id00856,ENSMUSG00000047417,ENSMUST00000057910,ENSMUSE00001241957,ENSMUSP00000049705,202,0
CDS_chr10_id00857,ENSMUSG00000047417,ENSMUST00000057910,ENSMUSE00001207383,ENSMUSP00000049705,200,0
CDS_chr10_id00858,ENSMUSG00000047417,ENSMUST00000057910,ENSMUSE00000609832,ENSMUSP00000049705,186,0
CDS_chr10_id00859,ENSMUSG00000047417,ENSMUST00000057910,ENSMUSE00000464813,ENSMUSP00000049705,177,0
CDS_chr10_id00860,ENSMUSG00000047417,ENSMUST00000057910,ENSMUSE00001237652,ENSMUSP00000049705,200,0
CDS_chr10_id00861,ENSMUSG00000047417,ENSMUST00000057910,ENSMUSE00001289454,ENSMUSP00000049705,172,0
CDS_chr10_id00862,ENSMUSG00000047417,ENSMUST00000057910,ENSMUSE00001237576,ENSMUSP00000049705,198,0
CDS_chr10_id00863,ENSMUSG00000047417,ENSMUST00000057910,ENSMUSE00001208677,ENSMUSP00000049705,199,0
CDS_chr10_id00864,ENSMUSG00000047417,ENSMUST00000057910,ENSMUSE00001235615,ENSMUSP00000049705,199,0
CDS_chr10_id00865,ENSMUSG00000047417,ENSMUST00000057910,ENSMUSE00001215604,ENSMUSP00000049705,202,0
CDS_chr10_id00866,ENSMUSG00000047417,ENSMUST00000057910,ENSMUSE00001260563,ENSMUSP00000049705,193,0
CDS_chr4_id00868,ENSMUSG00000006390,ENSMUST00000006557,ENSMUSE00000209396,ENSMUSP00000006557,209,0
CDS_chr4_id00869,ENSMUSG00000006390,ENSMUST00000006557,ENSMUSE00001235697,ENSMUSP00000006557,208,0
CDS_chr4_id00870,ENSMUSG00000006390,ENSMUST00000006557,ENSMUSE00001251658,ENSMUSP00000006557,206,0
CDS_chr4_id00871,ENSMUSG00000006390,ENSMUST00000006557,ENSMUSE00000209393,ENSMUSP00000006557,208,0
CDS_chr4_id00872,ENSMUSG00000006390,ENSMUST00000006557,ENSMUSE00000209397,ENSMUSP00000006557,207,0
CDS_chr4_id00873,ENSMUSG00000006390,ENSMUST00000006557,ENSMUSE00000840310,ENSMUSP00000006557,208,0
CDS_chr5_id00874,ENSMUSG00000048988,ENSMUST00000050519,ENSMUSE00000372380,ENSMUSP00000053869,141,0
