Label,Genus,Species,Sequencing platform,Batch,Prep,Sample ID,NextSeq single IDs,NextSeq paired 1 and MiSeq paired ID,NextSeq paired 2 ID,HiSeq paired ID,HiSeq2500 paired ID,HiSeq2000 paired 1 ID,HiSeq2000 paired 2 ID,HiSeq 4000 ID 1,HiSeq 4000 ID 2,Seq run 1 ID,Seq run 2 ID,Seq run 3 ID,Seq run 4 ID,HiSeq 4000 ID 3,count,avg len,N50,L50,asm-reads-mapped,asm-perc-reads-mapped,asm-paired-mapped,asm-perc-paired-mapped,asm-pair-mapped-diff-chr,asm-single-mapped,asm-perc-single-mapped,asm-avg-depth,asm-avg-start-depth,asm-avg-mid-depth,asm-avg-end-depth,mouse-reads-mapped,mouse-perc-reads-mapped,mouse-paired-mapped,mouse-perc-paired-mapped,mouse-pair-mapped-diff-chr,mouse-single-mapped,mouse-perc-single-mapped,mouse-target-reads-mapped,mouse-target-perc-reads-mapped,mouse-target-paired-mapped,mouse-target-perc-paired-mapped,mouse-target-pair-mapped-diff-chr,mouse-target-single-mapped,mouse-target-perc-single-mapped,mouse-avg-depth,mouse-target-avg-depth
Apomys-lubangensis,Apomys,lubangensis,NextSeq single + paired; Miseq,1,NA,NA,30,JAE169,1,NA,NA,NA,NA,NA,NA,NA,NA,NA,NA,NA,139345,678.0945854,702,42169,32715642,85.92,27832252,80.33,999124,944936,2.73,19.03147612,6.956122436,22.02595812,7.101396945,32352459,84.86,26991916,77.91,628686,2003187,5.78,22911854,95.43,19255801,86.83,173364,1456977,6.57,21.32109079,18.39944524
Batomys-salomonseni,Batomys,salomonseni,NextSeq single + paired; Miseq,1,NA,NA,31,JAE3320,2,NA,NA,NA,NA,NA,NA,NA,NA,NA,NA,NA,143927,649.3323699,668,44090,37250100,85.59,32090362,80.72,997888,931407,2.34,19.95749883,6.924339517,23.22337906,6.804086455,36208515,83.1,29967658,75.38,678822,2629368,6.61,26424602,94.6,21988872,84.9,173324,2000682,7.72,22.86370852,19.08719761
Bulimus-bagobus,Bulimus,bagobus,NextSeq single + paired; Miseq,1,NA,NA,32,JAE1712,3,NA,NA,NA,NA,NA,NA,NA,NA,NA,NA,NA,134098,703.8034646,718,41736,33451858,86.12,28944392,81.87,580936,926635,2.62,19.03591958,6.479039562,22.18487445,6.3756391,31894961,82.01,26094920,73.81,639342,2505089,7.09,22856847,94.11,18770705,83.52,172452,1896941,8.44,21.32996415,17.75164906
Chrotomys-mindorensis,Chrotomys,mindorensis,NextSeq single + paired; Miseq,1,NA,NA,33,JAE520,4,NA,NA,NA,NA,NA,NA,NA,NA,NA,NA,NA,151999,687.4253383,717,45643,41789062,87.58,35672472,82.07,1390398,1009890,2.32,21.12610343,7.745868722,24.46214016,7.756307755,41060032,85.93,34451438,79.26,797174,2422501,5.57,29421338,95.66,24895830,87.59,222904,1776431,6.25,25.63993259,22.5190142
Phloeomys-pallidus,Phloeomys,pallidus,NextSeq single + paired; Miseq,1,NA,NA,34,JEC43,5,NA,NA,NA,NA,NA,NA,NA,NA,NA,NA,NA,137785,678.0716624,691,42616,36127056,86.35,30870972,81.12,1069630,926846,2.44,18.10113982,6.78328883,20.91945298,6.830241306,34858122,83.19,28809362,75.7,761274,2386843,6.27,24695005,94.98,20656991,86.02,161531,1750756,7.29,19.56528266,16.57119629
Rhynchomys-isarogensis,Rhynchomys,isarogensis,NextSeq single + paired; Miseq,1,NA,NA,35,JAE2195,6,NA,NA,NA,NA,NA,NA,NA,NA,NA,NA,NA,151009,584.237913,566,48781,40846043,86.66,36493224,84.25,400976,579853,1.34,19.59168251,6.236619226,22.9022062,6.449257987,41517097,87.97,35579554,82.14,657438,2010230,4.64,31327531,96.56,27136189,90.01,150419,1482786,4.92,22.20114494,19.03040806
Sundamys-meulleri,Sundamys,meulleri,NextSeq single + paired; Miseq,1,NA,NA,36,JAE1283,7,NA,NA,NA,NA,NA,NA,NA,NA,NA,NA,NA,128646,664.9439625,689,40140,26959705,84.78,22082522,76.55,1384572,996609,3.45,17.53191387,6.612136895,20.2229993,6.88598679,25731644,80.77,20436158,70.85,592702,2191176,7.6,18148620,93.48,14409671,80.48,159468,1650761,9.22,17.83656014,14.67242021
Taeromys-punicans,Taeromys,punicans,NextSeq single + paired; Miseq; Hiseq4000,1,2,MVZ225815,37,JLP25862,8,NA,NA,NA,NA,SM077,NA,NA,NA,NA,NA,NA,134892,1037.071865,1012,40229,66017492,91.29,60528824,88.2,1096784,1057949,1.54,32.71215825,8.854946792,38.65827436,8.932817226,65643432,89.34,55108740,80.3,2852390,3069059,4.47,45954681,96.62,40476877,88.89,622356,2197876,4.83,49.19855357,44.51002167
Hyorhinomys-stuempkei,Hyorhinomys,stuempkei,NextSeq single + paired; Miseq,1,NA,NA,38,JAE4661,9,NA,NA,NA,NA,NA,NA,NA,NA,NA,NA,NA,130939,709.0442954,729,39677,29569647,85.95,25399760,81.16,619784,892929,2.85,17.52308546,6.366389595,20.32246567,6.268003184,29152834,84.64,24277662,77.58,553024,1845499,5.9,20538780,95.25,17212426,86.43,142465,1344982,6.75,19.1883313,16.47021862
Hybomys-univittatus,Hybomys,univittatus,NextSeq single + paired; Miseq,1,NA,NA,39,TCD4026,10,NA,NA,NA,NA,NA,NA,NA,NA,NA,NA,NA,139535,611.2046942,631,43898,32703230,85.16,27337074,78.12,1378898,1093395,3.12,16.30838975,6.900807167,18.64119055,6.99642593,33034838,85.92,27770366,79.36,547658,1884255,5.38,23938287,95.84,20225096,87.63,154012,1391669,6.03,17.15736181,14.76339502
Colomys-goslingi,Colomys,goslingi,NextSeq single + paired; Miseq,1,NA,NA,40,TCD4175,11,NA,NA,NA,NA,NA,NA,NA,NA,NA,NA,NA,134062,723.5439797,741,39050,46237692,87.99,38354754,81.04,1821406,1548650,3.27,25.04955611,9.605875552,28.88169104,9.787775132,47718833,90.45,38686222,81.74,1227954,1927994,4.07,33758566,97.01,27464247,87.05,367283,1352914,4.29,29.10258032,26.4600207
Malacomys-longipes,Malacomys,longipes,NextSeq single + paired; Miseq,1,NA,NA,41,TCD4253,12,NA,NA,NA,NA,NA,NA,NA,NA,NA,NA,NA,143150,697.1523926,709,43054,42995706,88.36,36648976,82.63,1452400,1071375,2.42,21.25463864,8.266945498,24.53343455,7.983594259,43585413,89.42,36921276,83.24,868526,1843319,4.16,30409837,96.98,26053108,90.09,225062,1254566,4.34,24.12214907,21.83820509
Hylomyscus-vulcanorum,Hylomyscus,vulcanorum,NextSeq single + paired; Miseq,1,NA,NA,42,TCD4382,13,NA,NA,NA,NA,NA,NA,NA,NA,NA,NA,NA,175170,598.8425187,636,52646,50624564,87.97,41516584,79.01,3331410,1371970,2.61,25.77971815,9.941049088,29.68605121,10.23451733,51531013,89.41,43542456,82.87,1198896,2241927,4.27,36674174,96.89,31424003,89.89,329564,1550527,4.44,31.59729534,28.78824201
Praomys-degraaffi,Praomys,degraaffi,NextSeq single + paired; Miseq,1,NA,NA,43,TCD4312,14,NA,NA,NA,NA,NA,NA,NA,NA,NA,NA,NA,142469,618.3346482,644,42848,44685620,85.63,36478074,76.78,2519104,1713652,3.61,17.22836664,8.219135269,19.48060547,8.171073626,46948443,89.78,39326248,82.77,1157884,1940617,4.08,33051461,97.02,28025583,89.38,324125,1327556,4.23,18.28542996,16.46987867
Grammomys-sp,Grammomys,sp,NextSeq single + paired; Miseq,1,NA,NA,44,TCD4560,15,NA,NA,NA,NA,NA,NA,NA,NA,NA,NA,NA,149255,701.259261,724,45193,49155088,88.58,41821978,82.75,1747218,1210669,2.4,24.55932851,8.607878217,28.54105135,8.597349891,48391705,87.05,40299838,79.74,954832,2624756,5.19,34659743,95.99,29008050,87.1,278360,1907230,5.73,29.77472035,26.37121861
Lemniscomys-striatus,Lemniscomys,striatus,NextSeq single + paired; Miseq,1,NA,NA,45,TCD4711,16,NA,NA,NA,NA,NA,NA,NA,NA,NA,NA,NA,137454,683.880571,702,42244,34041286,86.44,29029494,81.14,927906,982054,2.74,19.21800428,6.894054116,22.28009162,7.003664657,33469974,84.88,27898168,77.98,614362,2030634,5.68,23894376,95.55,20026723,86.89,176142,1483673,6.44,21.32198372,18.51139544
Berylymys-bowersi,Berylymys,bowersi,NextSeq single + paired; Miseq,1,NA,NA,46,ABTC116431,17,NA,NA,NA,NA,NA,NA,NA,NA,NA,NA,NA,159122,615.9141351,614,49513,69019793,86.56,60859948,82.99,1419406,1168949,1.59,31.37304161,9.641561272,36.80328732,9.602036585,67880124,85,57090068,77.85,1382020,3992693,5.44,50307834,95.72,42776772,87.46,329790,2954797,6.04,37.88927142,32.38875805
Crunomys-celebensis,Crunomys,celebensis,NextSeq single + paired; Miseq,1,NA,NA,47,Z21894,18,NA,NA,NA,NA,NA,NA,NA,NA,NA,NA,NA,140165,691.8679057,704,43947,35206536,87.44,30052156,82.11,1029786,923713,2.52,20.49119523,6.861484856,23.89066603,6.898179951,33940039,84.16,27908136,76.26,714446,2286619,6.25,24001977,94.93,19829515,85.04,177869,1698424,7.28,23.13468231,19.66831915
Echiothrix-centrosa,Echiothrix,centrosa,NextSeq single + paired; Miseq,1,NA,NA,48,Z27993,19,NA,NA,NA,NA,NA,NA,NA,NA,NA,NA,NA,130807,643.8486243,652,41307,26137312,84.71,24686422,80.31,494700,835922,2.72,17.14232207,5.74145677,19.98222695,5.8018195,26707601,86.44,24075484,78.32,508314,1738011,5.65,19076386,95.18,17414192,87.22,125927,1278947,6.41,18.18898297,15.38523289
Gracillimus-radix,Gracillimus,radix,NextSeq single + paired; Miseq,1,NA,NA,49,Z08508,20,NA,NA,NA,NA,NA,NA,NA,NA,NA,NA,NA,152085,696.9547293,708,46449,50776321,88.55,43525212,83.2,1759816,1009473,1.93,26.40106863,8.580003287,30.85343141,8.558114573,48565793,84.56,39860806,76.19,1076162,3196355,6.11,35012220,95.02,28908824,84.83,260690,2399785,7.04,32.55126842,28.01614826
Leopoldomys-sabanus,Leopoldomys,sabanus,NextSeq single + paired; Miseq,1,NA,NA,50,Z25191,21,NA,NA,NA,NA,NA,NA,NA,NA,NA,NA,NA,142306,691.315714,693,44307,36167620,85.92,31107672,81.42,668954,1042928,2.73,21.37734212,7.756349494,24.82352546,7.403637496,34684696,82.3,28205546,73.83,735780,2640788,6.91,24918103,94.34,20379385,83.67,184086,1971072,8.09,25.13838632,21.2372481
Margaretamys-parvus,Margaretamys,parvus,NextSeq single + paired; Miseq; Hiseq4000,1,2,NMV Z21833,51,Z21794,22,NA,NA,NA,NA,SM062,NA,NA,NA,NA,NA,NA,136833,1016.717495,996,40523,66818656,92.12,61594826,89.08,1212256,940051,1.36,34.27333521,9.498341028,40.43922295,9.63863519,67318079,91.16,57205936,82.73,2905160,2579793,3.73,47582949,97.28,42559826,90.6,614014,1828054,3.89,52.05671825,47.44663305
Melasmothrix-naso,Melasmothrix,naso,NextSeq single + paired; Miseq,1,NA,NA,52,Z21808,23,NA,NA,NA,NA,NA,NA,NA,NA,NA,NA,NA,137536,693.3107186,699,42160,32375918,86.97,28049634,82.95,561254,796682,2.36,19.81651302,6.502918116,23.12685138,6.612455398,31858342,85.46,26484792,78.32,634470,1912461,5.66,22374247,95.55,18746787,86.9,152442,1372252,6.36,22.10807797,19.03344584
Paucidentomys-vermidax,Paucidentomys,vermidax,NextSeq single + paired; Miseq,1,NA,NA,53,Z21914,24,NA,NA,NA,NA,NA,NA,NA,NA,NA,NA,NA,141381,695.4176021,707,43753,30146918,86.95,25783576,82.24,701476,781692,2.49,18.20638276,6.194695243,21.19287528,6.293864797,29430668,84.78,24315630,77.55,536622,1922459,6.13,20725199,95.01,17165075,85.66,137209,1435069,7.16,20.8217993,17.91677123
Sommeromys-macrorhinos,Sommeromys,macrorhinos,NextSeq single + paired; Miseq,1,NA,NA,54,Z21740,25,NA,NA,NA,NA,NA,NA,NA,NA,NA,NA,NA,133130,671.0550815,696,40136,30075198,85.61,25384584,79.58,1018114,913846,2.86,19.34157761,6.924315443,22.41482627,7.109872102,30152654,85.69,24990380,78.35,614324,1777458,5.57,21400113,95.63,17846629,86.64,153825,1298233,6.3,21.1779093,18.01359794
Tateomys-macrocercus,Tateomys,macrocercus,NextSeq single + paired; Miseq,1,NA,NA,55,Z21834,26,NA,NA,NA,NA,NA,NA,NA,NA,NA,NA,NA,125140,655.1206489,668,38848,23802760,84.18,20499518,79.84,358706,771698,3.01,16.86932407,5.600074817,19.68538279,5.582944448,24486704,86.48,20567680,80.11,434690,1356740,5.28,17596323,95.91,14888860,88.12,111368,996540,5.9,17.66748604,15.01416708
Tateomys-rhinogradoides,Tateomys,rhinogradoides,NextSeq single + paired; Miseq,1,NA,NA,56,Z21785,27,NA,NA,NA,NA,NA,NA,NA,NA,NA,NA,NA,141567,713.0679254,727,43085,39473178,87.14,34337450,83.48,598936,927641,2.26,21.70286872,6.967027473,25.39108604,6.901117535,39306772,86.66,33076132,80.41,691684,2132275,5.18,28260522,96.03,23965359,88.41,174459,1557056,5.74,25.94880724,22.81725703
Waiomys-mamasae,Waiomys,mamasae,NextSeq single + paired; Miseq,1,NA,NA,57,Z20624,28,NA,NA,NA,NA,NA,NA,NA,NA,NA,NA,NA,153261,590.1106152,585,48255,50970053,86.44,45008394,83.04,834938,815249,1.5,31.35864234,8.358386447,37.07479276,8.587654045,51636225,87.41,43813824,80.84,1014402,2406008,4.44,38978120,96.72,33502563,89.55,227190,1751717,4.68,37.54188317,31.96303143
Chiropodomys-gliroides,Chiropodomys,gliroides,NextSeq single + paired; Miseq,1,NA,NA,58,Z25153,29,NA,NA,NA,NA,NA,NA,NA,NA,NA,NA,NA,135280,660.175717,667,42107,28848012,85.18,24432532,79.59,787038,948344,3.09,18.55732319,6.811312598,21.48416318,6.865852427,28908005,85.23,23919174,77.92,638684,1684918,5.49,20679574,95.72,17265059,86.95,175852,1220706,6.15,20.29786034,17.5787994
Lorentzimys-nouhuysi,Lorentzimys,nouhuysi,NextSeq single + paired; Miseq,1,NA,NA,59,ABTC-46314,30,NA,NA,NA,NA,NA,NA,NA,NA,NA,NA,NA,147103,706.838331,731,42990,46750283,88.02,40631192,83.96,1034490,908402,1.88,25.35721028,8.133290675,29.64579581,8.196510705,46136429,86.74,39060172,80.71,784588,2490320,5.15,33874859,96.1,28926758,88.86,222724,1841088,5.66,31.44677155,27.58885187
Mastacomys-fuscus,Mastacomys,fuscus,NextSeq single + paired; Miseq,1,NA,NA,60,ABTC-07354,31,NA,NA,NA,NA,NA,NA,NA,NA,NA,NA,NA,141254,684.9679372,696,42838,39040600,86.74,33403884,81.6,1058664,1047463,2.56,22.78145481,7.815318716,26.51852349,7.815384582,38899297,86.29,32285214,78.87,822768,2167650,5.3,28088320,95.92,23490537,87.02,222395,1583761,5.87,26.40221717,23.18245478
Melomys-rufescens,Melomys,rufescens,NextSeq single + paired; Miseq,1,NA,NA,61,ABTC-44798,32,NA,NA,NA,NA,NA,NA,NA,NA,NA,NA,NA,143854,639.0973904,648,43837,37595027,85.68,32299868,80.77,973656,956133,2.39,22.76628765,7.824992674,26.49384483,7.849014051,38235314,86.98,31997964,80.01,782300,1930642,4.83,27833772,96.39,23554886,88.45,199665,1374981,5.16,25.98957335,22.78442008
Hydromys-chrysogaster,Hydromys,chrysogaster,NextSeq single + paired; Miseq,1,NA,NA,62,Z5248,33,NA,NA,NA,NA,NA,NA,NA,NA,NA,NA,NA,124826,522.9611059,515,40514,48007480,76.55,41173166,71.45,1160272,1475008,2.56,14.06333244,6.861304971,15.85075616,6.942743004,56244512,89.5,47902298,83.12,1107308,2150208,3.73,42455489,97.41,36687711,90.79,265834,1498595,3.71,13.66521581,11.46977439
Apodemus-sylvaticus,Apodemus,sylvaticus,NextSeq single + paired; Miseq,1,NA,NA,63,SMG3823,34,NA,NA,NA,NA,NA,NA,NA,NA,NA,NA,NA,138655,675.6784826,700,42114,30332219,86.24,25435904,79.83,1163834,892662,2.8,18.86555376,7.006384353,21.81472954,7.087583804,29806620,84.65,24719902,77.58,638500,1887616,5.92,20995640,95.39,17604821,86.92,172227,1345392,6.64,20.79108298,17.85835206
Archboldomys-luzonensis,Archboldomys,luzonensis,NextSeq single + paired; Miseq,1,NA,NA,64,EAR1826,35,NA,NA,NA,NA,NA,NA,NA,NA,NA,NA,NA,135236,699.8938079,717,40872,32152368,87.71,27673304,83.16,722522,790747,2.38,19.04101321,6.398669423,22.17120642,6.617638352,32002893,87.17,26935512,80.94,596142,1701592,5.11,22963418,96.09,19484402,88.56,162665,1243593,5.65,21.6174318,18.76889255
Bunomys-chrysocomus,Bunomys,chrysocomus,NextSeq single + paired; Miseq,1,NA,NA,65,JAE4867,36,NA,NA,NA,NA,NA,NA,NA,NA,NA,NA,NA,151881,632.9812946,662,45492,37962184,85.81,32243276,80.05,1395674,902505,2.24,21.75798828,7.269222823,25.35510004,7.411771795,36985746,83.49,30456036,75.61,757320,2511052,6.23,27126136,95.06,22566976,85.64,189192,1854748,7.04,25.82638968,21.79397799
Haeromys-minahassae,Haeromys,minahassae,NextSeq single + paired; Miseq,1,NA,NA,66,JAE4996,37,NA,NA,NA,NA,NA,NA,NA,NA,NA,NA,NA,134872,666.457367,680,42437,27940137,86.01,23043292,78.49,1145584,1060624,3.61,17.78877316,7.230489857,20.4297482,7.188414342,28040166,86.16,22751148,77.5,778136,1648869,5.62,19464110,95.53,15914970,85.18,223618,1182227,6.33,19.01097899,16.49737945
Maxomys-surifer,Maxomys,surifer,NextSeq single + paired; Miseq,1,NA,NA,67,JAE3632,38,NA,NA,NA,NA,NA,NA,NA,NA,NA,NA,NA,156763,623.9402346,660,47706,35974610,85.38,29714264,77.67,1818560,1135080,2.97,20.57825982,8.117708726,23.68153607,8.106018392,35854148,84.99,29711614,77.66,700032,2195065,5.74,25502699,95.48,21273372,86.46,174133,1590831,6.47,24.18632272,20.91736263
Niviventer-lepturus,Niviventer,lepturus,NextSeq single + paired; Miseq,1,NA,NA,68,JAE4746,39,NA,NA,NA,NA,NA,NA,NA,NA,NA,NA,NA,141359,650.1360366,671,43321,33132797,84.74,28363246,79.79,918844,860089,2.42,19.95446189,6.767034686,23.25397693,6.713363992,32086253,81.95,26250252,73.85,671316,2352044,6.62,23368392,94.64,19271307,84.6,169723,1746861,7.67,22.82350622,18.91551171
Paruromys-dominator,Paruromys,dominator,NextSeq single + paired; Miseq,1,NA,NA,69,JAE4870,40,NA,NA,NA,NA,NA,NA,NA,NA,NA,NA,NA,117764,659.3876567,674,37349,20423829,83.36,17100432,77.22,607876,764139,3.45,15.44009544,5.851155287,17.83758717,5.836090407,19719606,80.38,15800038,71.35,427982,1643745,7.42,13729959,93.63,11009643,81.64,113062,1221612,9.06,14.73322788,11.88365452
Bunomys-andrewsi,Bunomys,andrewsi,Hiseq; Hiseq2500,2,NA,NA,NA,NA,NA,andrewsii,GATGCC,NA,NA,NA,NA,NA,NA,NA,NA,NA,105827,588.649494,593,34418,17264256,82.19,16051340,76.83,553804,401202,1.92,17.7911747,5.499108089,20.82659466,5.576650363,20068280,95.07,18207094,87.14,577072,618027,2.96,16083205,97.89,14961084,91.53,189479,511792,3.13,18.08543907,14.76896312
Rattus-exulans,Rattus,exulans,Hiseq; Hiseq2500,2,NA,NA,NA,NA,NA,exulans,TGACGT and GCATTG,NA,NA,NA,NA,NA,NA,NA,NA,NA,142710,670.226228,680,42268,45145827,92.87,42984888,88.81,1305066,418937,0.87,30.19228716,8.519031456,35.55652392,8.722984617,46612752,95.48,43112518,89.08,1156646,1249290,2.58,37797463,98.16,35687637,93.09,374383,1046907,2.73,39.9074218,33.92256352
Rattus-hoffmanni,Rattus,hoffmanni,Hiseq; Hiseq2500; Hiseq4000,2,3,LSUMZ39187,NA,NA,NA,hoffmanni,CCGATT and GATCTC,NA,NA,NA,SM074,NA,NA,NA,NA,NA,170380,846.2431037,900,47192,95622857,95.02,91192266,91.28,2588704,805972,0.81,49.03041047,12.57046366,58.03821935,12.92157964,98930019,96.61,89247010,89.34,3881268,2025605,2.03,75792336,98.68,71785040,94.18,941008,1557264,2.04,85.30994766,76.89070876
Rattus-leucopus,Rattus,leucopus,Hiseq; Hiseq2500,2,NA,NA,NA,NA,NA,leucopus,ATGCCG,NA,NA,NA,NA,NA,NA,NA,NA,NA,94191,658.3489505,631,30398,18495417,85.57,17710344,82.32,288556,277353,1.29,19.61077508,5.528974335,23.12496952,5.523020291,20812738,95.78,19136592,88.95,535234,545048,2.53,17161368,98.22,16113650,92.73,183908,465070,2.68,20.3156377,16.11549295
Rattus-lutreolus,Rattus,lutreolus,Hiseq; Hiseq2500,2,NA,NA,NA,NA,NA,lutreolus,CAATAT,NA,NA,NA,NA,NA,NA,NA,NA,NA,105397,636.9018473,621,33146,23223791,87.03,22267524,83.79,440172,302242,1.14,22.04681362,6.065744089,26.02297086,6.089830049,25833800,96.27,23975730,90.22,615238,582921,2.19,21348868,98.47,20200653,93.69,214010,495836,2.3,24.13950162,19.49529489
Maxomys-musschenbroekii,Maxomys,musschenbroekii,Hiseq; Hiseq2500,2,NA,NA,NA,NA,NA,musschenbroekii,CAATTA,NA,NA,NA,NA,NA,NA,NA,NA,NA,103330,624.9898577,612,32974,20080784,85,19142470,81.43,395762,307038,1.31,20.12538669,5.609999896,23.71726046,5.742505789,22934667,96.61,21301942,90.61,533290,468312,1.99,18849751,98.62,17888927,94.06,177213,390661,2.05,21.11413732,17.47969642
Rattus-praetor,Rattus,praetor,Hiseq; Hiseq2500,2,NA,NA,NA,NA,NA,praetor,CAGTAC,NA,NA,NA,NA,NA,NA,NA,NA,NA,105015,573.5469123,583,32999,16523981,82.96,15449184,77.98,532432,331308,1.67,17.86712453,5.630741258,20.89775984,5.578123432,19045420,95.02,17282368,87.23,546752,555818,2.81,15320783,97.97,14219312,91.58,180469,463750,2.99,18.2925956,14.34817275
Rattus-villosissimus,Rattus,villosissimus,Hiseq; Hiseq2500,2,NA,NA,NA,NA,NA,vilosissimus,AGATAG,NA,NA,NA,NA,NA,NA,NA,NA,NA,118897,580.6568038,598,36109,24192367,86.49,23014102,82.69,615042,308967,1.11,21.90404389,6.218122054,25.77213408,6.289737746,27054175,96.23,25076036,90.1,655552,607713,2.18,22310571,98.48,21104504,93.68,222387,514924,2.29,24.58716769,19.91036661
Mus-caroli,Mus,caroli,Hiseq2000,3,NA,NA,NA,NA,NA,NA,NA,10460X9,ACCAAC,NA,NA,NA,NA,NA,NA,NA,135483,730.7811386,713,37241,24939706,93.07,24213982,90.43,382540,192571,0.72,22.48235532,7.077480622,26.31428477,7.163694215,26840828,99.99,26416494,98.66,84958,2526,0.01,21862039,100,21625743,99.07,31952,1655,0.01,29.26240443,28.65392172
Mus-cervicolor,Mus,cervicolor,Hiseq2000,3,NA,NA,NA,NA,NA,NA,NA,10460X10,CCGGTA,NA,NA,NA,NA,NA,NA,NA,135828,723.4412419,695,36583,47647998,93.05,46866010,91.58,372192,188432,0.37,41.90797354,12.13483501,49.3380583,12.1765264,51303425,99.99,50675492,99.02,138758,2545,0,43471368,100,43103748,99.31,54133,1667,0,56.56845148,55.66161407
Mus-cookii,Mus,cookii,Hiseq2000,3,NA,NA,NA,NA,NA,NA,NA,10460X3,CCTAGG,NA,NA,NA,NA,NA,NA,NA,145337,741.261303,715,39354,46509817,94.88,45520212,92.93,489938,228762,0.47,37.52901309,10.61439099,44.22881775,10.75020567,49011912,99.96,48488092,98.98,94096,11497,0.02,40886872,99.98,40590256,99.31,40167,9466,0.02,53.17099314,52.34765952
Mus-macedonicus,Mus,macedonicus,Hiseq2000,3,NA,NA,NA,NA,NA,NA,NA,10460X12,TTGAAG,NA,NA,NA,NA,NA,NA,NA,130945,785.6194433,757,35765,29320966,94.18,28551808,91.82,317792,260904,0.84,24.40136457,7.835260823,28.53673016,7.846875676,31170078,99.99,30683956,98.68,99284,2859,0.01,25133333,100,24865925,99.09,37784,1960,0.01,32.29575655,31.70357213
Mus-minutoides,Mus,minutoides,Hiseq2000,3,NA,NA,NA,NA,NA,NA,NA,10460X2,CTCTGC,NA,NA,NA,NA,NA,NA,NA,138313,692.0317758,678,37655,38295661,92.4,37332228,90.18,488854,210920,0.51,32.01631703,9.715373965,37.5801962,9.670496565,41669187,99.94,40513930,97.87,283234,14954,0.04,35468293,99.98,34810799,98.54,104356,10521,0.03,42.78580753,41.79176538
Mus-molossinus,Mus,molossinus,Hiseq2000,3,NA,NA,NA,NA,NA,NA,NA,10460X8,GCTCGA,NA,NA,NA,NA,NA,NA,NA,168088,701.2841666,711,45360,53233419,95.9,51312492,92.54,1313858,303366,0.55,38.19198454,10.78070993,44.98254773,11.01472786,55847472,99.93,54052466,97.48,502898,24476,0.04,46196098,99.97,45166630,98.23,185621,17645,0.04,58.23867539,57.12161365
Mus-musculus-castaneus,Mus,musculus castaneus,Hiseq2000,3,NA,NA,NA,NA,NA,NA,NA,10460X7,CTCGAT,NA,NA,NA,NA,NA,NA,NA,161926,704.2479034,694,44262,57336658,95.83,55784236,93.33,957444,264239,0.44,41.0799674,11.55346635,48.44022827,11.49422831,60166724,99.94,58457754,97.8,452822,21427,0.04,50273623,99.98,49316172,98.5,165908,15141,0.03,60.91218035,59.82299806
Mus-musculus-domesticus,Mus,musculus domesticus,Hiseq2000,3,NA,NA,NA,NA,NA,NA,NA,10460X15,CGACCT,NA,NA,NA,NA,NA,NA,NA,158958,678.7702475,684,42234,35360489,94.74,34204476,91.73,775516,213929,0.57,25.06095502,8.088552258,29.27907096,8.075428359,37403424,99.96,36821440,98.75,143438,4871,0.01,30851482,99.99,30554187,99.2,51520,3660,0.01,34.90856742,34.24947235
Mus-musculus-musculus,Mus,musculus musculus,Hiseq2000,3,NA,NA,NA,NA,NA,NA,NA,10460X14,TTGGAT,NA,NA,NA,NA,NA,NA,NA,155499,667.2718796,670,43565,43744277,94.03,42400586,91.24,841750,231377,0.5,34.89237057,9.609784062,41.18378043,9.558036057,46708745,99.72,45092122,97.03,567584,77988,0.17,39501890,99.91,38712997,98.23,201532,55723,0.14,48.8986456,47.38748787
Mus-musculus-reference,Mus,musculus reference,Hiseq2000,3,NA,NA,NA,NA,NA,NA,NA,10460X5,GCAAGA,NA,NA,NA,NA,NA,NA,NA,130598,684.5260494,678,35014,28163389,90.35,27467760,88.19,356270,154796,0.5,26.26725703,8.365735269,30.7334331,8.326458297,31228398,99.99,30760506,98.76,81032,1794,0.01,25976639,100,25706186,99.12,31510,1217,0,32.71071449,32.05924041
Mus-pahari,Mus,pahari,Hiseq2000,3,NA,NA,NA,NA,NA,NA,NA,10460X1,TCGCAG,NA,NA,NA,NA,NA,NA,NA,134692,649.0169275,649,38318,33282787,90.04,32370654,87.66,508032,204299,0.55,30.42464113,8.708504337,35.83206595,8.66427954,37112347,99.66,35812804,96.99,397612,66209,0.18,31316628,99.9,30616699,98.11,138679,44671,0.14,38.13897266,36.58809815
Mus-platythrix,Mus,platythrix,Hiseq2000,3,NA,NA,NA,NA,NA,NA,NA,10460X13,ACTATC,NA,NA,NA,NA,NA,NA,NA,155522,556.0441995,595,40720,51635189,87.25,50618752,85.6,627538,176343,0.3,44.56695469,12.39234571,52.49933861,12.45343529,59445255,99.88,58167906,98.37,393708,27826,0.05,51826822,99.98,51223296,99.06,134295,19640,0.04,58.87222323,57.26536719
Mus-spicilegus,Mus,spicilegus,Hiseq2000,3,NA,NA,NA,NA,NA,NA,NA,10460X11,AACTCC,NA,NA,NA,NA,NA,NA,NA,112773,735.4638522,708,30917,30128666,89.03,29624188,87.64,143366,160957,0.48,28.74054052,9.294277575,33.60600929,9.251098956,33928392,99.99,33377076,98.75,114564,2580,0.01,28162895,100,27860468,99.14,41222,1818,0.01,34.1641395,33.41303122
Mus-spretus,Mus,spretus,Hiseq2000,3,NA,NA,NA,NA,NA,NA,NA,10460X4,GGATCA,NA,NA,NA,NA,NA,NA,NA,124507,776.4834106,744,34199,25660668,92.95,25071264,90.91,180944,234631,0.85,23.62566515,7.445218391,27.67818249,7.378164133,27675740,99.98,27135748,98.4,127966,4286,0.02,22756492,99.99,22470389,98.93,45802,3042,0.01,30.49700734,29.84398704
Coccymys-ruemmleri,Coccymys,ruemmleri,Hiseq4000,4,1,ABTC 49489,NA,NA,NA,NA,NA,NA,NA,SM033,NA,NA,NA,NA,NA,NA,128027,1078.461504,1055,37306,31193010,95.12,29477828,90.66,826332,597448,1.84,18.81619514,5.803352806,22.06318499,5.821898844,33552668,98.56,29127892,89.59,2089248,355290,1.09,23202575,99.51,22088789,95.74,411711,195789,0.85,28.01845057,26.07468105
Grammomys-dryas,Grammomys,dryas,Hiseq4000,4,1,LSUMZ37716,NA,NA,NA,NA,NA,NA,NA,REC8,NA,NA,NA,NA,NA,NA,155206,963.5583934,1057,41579,31822343,95.25,29274332,88.23,1697042,608485,1.83,17.70861177,5.839663241,20.64675787,5.766290378,33846391,97.79,29074676,87.63,2043964,530993,1.6,23302652,99.22,21594172,93.59,448764,301571,1.31,28.16547054,25.8793362
Carpomys-melanurus,Carpomys,melanurus,Hiseq4000,4,1;4,FMNH198723,NA,NA,NA,NA,NA,NA,NA,SM085,NA,NA,NA,NA,NA,SM085,NA,NA,NA,NA,50609003,95.56,46869270,89.09,2570462,787544,1.5,21.9284077,6.773525115,25.70324701,6.530084808,52272676,95.96,45267272,86.04,2985334,1370510,2.61,35836367,98.74,33691662,93.59,560000,809155,2.25,37.12517735,33.09278607
Crateromys-heaneyi,Crateromys,heaneyi,Hiseq4000,4,1,KU165014,NA,NA,NA,NA,NA,NA,NA,REC4,NA,NA,NA,NA,NA,NA,162340,924.1215474,1058,42677,34431988,94.84,31386064,87.13,2055610,682485,1.89,19.31828843,6.102804074,22.57841099,5.992645088,36108170,96.55,31400748,87.17,2094224,827895,2.3,24822024,98.89,23589048,94.53,400538,487728,1.95,31.19500283,27.56791086
Dasymys-montanus,Dasymys,montanus,Hiseq4000,4,1,FMNH144389,NA,NA,NA,NA,NA,NA,NA,SM086,NA,NA,NA,NA,NA,NA,156863,958.0894029,1037,42346,32501743,95.71,29790944,88.28,1948448,537346,1.59,18.85665774,5.860589183,22.05796429,6.003749511,34227501,97.86,30175620,89.42,1794770,491026,1.46,23683852,99.31,22509318,95.22,381198,279594,1.18,29.35479647,27.22283165
Aethomys-hindei,Aethomys,hindei,Hiseq4000,4,1,MVZ196257,NA,NA,NA,NA,NA,NA,NA,REC1,NA,NA,NA,NA,NA,NA,162750,935.1070108,1013,44571,39481175,95.55,36275184,88.52,2172708,685009,1.67,22.14145292,7.033985119,25.86810383,7.105375189,41992862,98.07,36199362,88.34,2647608,571644,1.39,29369312,99.3,27567923,94.59,558053,328751,1.13,36.14979433,33.563442
Hylomyscus-stella,Hylomyscus,stella,Hiseq4000,4,1,LSUMZ37742,NA,NA,NA,NA,NA,NA,NA,REC10,NA,NA,NA,NA,NA,NA,138928,1148.049033,1174,40023,41391483,94.9,37648518,87.38,2110632,1069019,2.48,21.70458064,7.393139009,25.2829538,7.329542104,44488309,98.08,36691848,85.16,4042216,632212,1.47,28825299,99.32,26762352,93.57,834475,311161,1.09,34.82259228,32.83837691
Anisomys-imitator,Anisomys,imitator,Hiseq4000,4,1,ABTC 45107,NA,NA,NA,NA,NA,NA,NA,SM008,NA,NA,NA,NA,NA,NA,185352,848.9492479,958,47887,46157424,96.54,42597114,89.89,2483736,642512,1.36,24.97552674,7.903094108,29.17568868,7.820620884,49110451,98.9,42804186,90.32,2945040,397710,0.84,35256733,99.64,33590148,96.08,574653,216871,0.62,42.37299117,39.89794693
Crunomys-melanius,Crunomys,melanius,Hiseq4000,4,1,KU168403,NA,NA,NA,NA,NA,NA,NA,REC5,NA,NA,NA,NA,NA,NA,146065,964.8651491,1031,40988,30523000,94.78,28047360,87.87,1578004,592556,1.86,18.09984501,5.84535034,21.07495325,6.327835664,32417849,97.23,27652526,86.63,2158452,595860,1.87,22109592,99.08,20557327,93.57,457815,340539,1.55,27.4484876,24.65620843
Niviventer-rapit,Niviventer,rapit,Hiseq4000,4,1,LSUMZ38196,NA,NA,NA,NA,NA,NA,NA,SM056,NA,NA,NA,NA,NA,NA,164849,765.0202003,838,46391,29593045,93.82,27429536,87.76,1410408,461085,1.48,19.331232,6.111335892,22.55328444,6.187333543,31803142,97.57,27565486,88.2,1953760,539888,1.73,22566369,99.15,21295023,94.68,404937,332496,1.48,28.74830682,24.93796345
Phloeomys-cumingii,Phloeomys,cumingii,Hiseq4000,4,1,FMNH198472,NA,NA,NA,NA,NA,NA,NA,SM069,NA,NA,NA,NA,NA,NA,129118,1019.752908,973,39317,32211706,95.1,30561812,90.98,822368,529764,1.58,19.60449185,5.49359021,23.12994569,5.484152192,34041806,97.43,29782996,88.66,1923450,601511,1.79,23899463,99.16,22852599,95.43,332749,359953,1.5,28.24073054,25.41518548
Aethomys-nyikae,Aethomys,nyikae,Hiseq4000,4,1,FMNH196708,NA,NA,NA,NA,NA,NA,NA,SM084,NA,NA,NA,NA,NA,NA,127946,1139.346373,1137,36731,37645360,95.47,35473326,90.65,1136322,707790,1.81,21.20757803,6.570242265,24.85758265,6.585512052,39903758,97.97,34554550,88.3,2381774,569379,1.46,27738805,99.31,25972056,94.33,532352,323793,1.18,32.89990916,30.56207832
Hybomys-planifrons,Hybomys,planifrons,Hiseq4000,4,1,R24117,NA,NA,NA,NA,NA,NA,NA,SM040,NA,NA,NA,NA,NA,NA,160698,898.6560878,931,45424,39141579,95.91,36258618,89.44,2066478,541127,1.33,21.98725633,6.738700672,25.75650395,6.770321773,41370965,98.2,36504666,90.04,2120800,529917,1.31,29549809,99.41,28100879,95.5,453097,309736,1.05,33.96813149,31.50449302
Pogonomys-macrourus,Pogonomys,macrourus,Hiseq4000,4,1,ABTC 43144,NA,NA,NA,NA,NA,NA,NA,SM071,NA,NA,NA,NA,NA,NA,130705,1039.182832,1014,38069,41444594,95.52,39008326,90.73,1340660,681959,1.59,25.30256171,7.536361823,29.73029349,7.601164657,44648832,98.62,38300166,89.09,2753730,439035,1.02,31998479,99.57,29964339,95.13,514564,239918,0.76,38.33925662,36.11619936
Musseromys-anacuao,Musseromys,anacuao,Hiseq4000,4,1,FMNH209523,NA,NA,NA,NA,NA,NA,NA,SM063,NA,NA,NA,NA,NA,NA,144034,937.0180235,960,41502,30115323,94.93,27989400,88.91,1358568,520696,1.65,17.63873067,5.368946488,20.69178709,5.273170466,31532912,96.62,27399214,87.03,1867916,736456,2.34,22212866,98.86,21036813,94.32,348265,452356,2.03,26.16598145,23.03581062
Limnomys-sibuanus,Limnomys,sibuanus,Hiseq4000,4,1,FMNH147948,NA,NA,NA,NA,NA,NA,NA,SM089,NA,NA,NA,NA,NA,NA,137124,1026.285355,1096,37864,30879259,94.58,28548638,88.11,1420498,658248,2.03,18.20955068,5.829829658,21.27867915,5.831802485,32531189,96.61,27831946,85.9,2142552,777339,2.4,22537151,98.73,20894185,92.64,529504,491210,2.18,28.25932741,24.89659516
Pithecheir-melanurus,Pithecheir,melanurus,Hiseq4000,4,1;4,LSUMZ38198,NA,NA,NA,NA,NA,NA,NA,SM070,NA,NA,NA,NA,NA,SM070,NA,NA,NA,NA,54394626,95.66,49202938,87.26,3634398,1067189,1.89,25.163089,7.992115543,29.4157423,7.7037505,56943569,97.42,49318822,87.47,3804382,944543,1.68,39385633,99.12,37044843,94.07,965844,563684,1.43,41.59439968,39.2547393
Thamnomys-sp.,Thamnomys,sp.,Hiseq4000,4,1,LSUMZ37935,NA,NA,NA,NA,NA,NA,NA,REC24,NA,NA,NA,NA,NA,NA,171420,892.5647707,955,47028,40038983,96.17,37243908,90.07,1940496,543119,1.31,21.77908104,6.499949979,25.53317753,6.647484314,42228177,98.38,37325352,90.26,2140260,475041,1.15,30258084,99.49,28783741,95.67,430607,267714,0.89,35.73779173,33.25532601
Mammelomys-lanosus,Mammelomys,lanosus,Hiseq4000,4,1,ABTC 47208,NA,NA,NA,NA,NA,NA,NA,SM047,NA,NA,NA,NA,NA,NA,173228,750.2214249,827,47510,30630296,94.18,28294442,87.72,1611046,453664,1.41,19.04873949,5.923567606,22.2349501,6.032995393,33230034,98.56,29127836,90.3,1837742,307541,0.95,23938968,99.58,22778274,95.99,351650,175457,0.74,28.44503997,25.93704225
Xenuromys-barbatus,Xenuromys,barbatus,Hiseq4000,4,1,Y250 = ABTC 129204,NA,NA,NA,NA,NA,NA,NA,SM010,NA,NA,NA,NA,NA,NA,131780,1026.720663,994,38431,41172058,95.51,38914356,91.12,1153516,677265,1.59,24.80095006,7.545523006,29.12044917,7.470884717,44250286,98.77,38327676,89.75,2602022,395955,0.93,32012498,99.58,30085125,95.26,529265,228228,0.72,38.25218661,35.5631986
Hydromys-sp-nov,Hydromys,sp nov,Hiseq4000,4,1,YS391,NA,NA,NA,NA,NA,NA,NA,REC9,NA,NA,NA,NA,NA,NA,134163,1011.467856,1072,37649,36800051,94.78,34146526,88.79,1571280,698430,1.82,21.98958052,7.26775748,25.67042713,7.11391675,39883844,98.43,33994454,88.39,2612762,449677,1.17,27770219,99.45,25926626,94.63,534633,245978,0.9,33.69462942,30.93132216
Xeromys-myoides,Xeromys,myoides,Hiseq4000,4,1;4,ABTC 30709,NA,NA,NA,NA,NA,NA,NA,SM080,NA,NA,NA,NA,NA,SM080,NA,NA,NA,NA,56111594,95.56,52243938,89.84,2274068,995261,1.71,30.67482721,9.636743471,35.91492069,9.756622802,59931793,97.91,49996964,85.97,4281930,859300,1.48,41700083,99.24,38089267,92.66,839538,495495,1.21,49.89005676,46.76908483
Pseudohydromys-ellermani,Pseudohydromys,ellermani,Hiseq4000,4,1,ABTC 43920,NA,NA,NA,NA,NA,NA,NA,SM073,NA,NA,NA,NA,NA,NA,149407,871.7365652,912,41319,37544132,94.95,34752224,88.76,1808722,583615,1.49,24.70260294,8.016783404,28.83645799,8.013596503,40784064,98.68,34793122,88.87,2680060,370241,0.95,28751568,99.58,26944469,95.18,497229,200181,0.71,36.34867941,33.49533071
Leptomys-elegans,Leptomys,elegans,Hiseq4000,4,1,ABTC 45741,NA,NA,NA,NA,NA,NA,NA,SM044,NA,NA,NA,NA,NA,NA,164612,827.4496756,897,45170,31363873,95.22,28483730,87.22,2095786,497312,1.52,19.72854581,6.655666603,22.9742142,6.512583336,33724098,98.2,28508934,87.3,2205852,426514,1.31,23415798,99.33,21568267,93.48,434501,249619,1.08,28.71029288,26.51901729
Pelomys-isseli,Pelomys,isseli,Hiseq4000,4,1,FMNH137886,NA,NA,NA,NA,NA,NA,NA,SM068,NA,NA,NA,NA,NA,NA,169656,852.6613441,923,45976,36116832,95.18,33085002,87.96,2054160,634564,1.69,20.44754211,6.549596899,23.86175957,6.636762992,38462406,97.86,33012688,87.77,2599580,539024,1.43,26771804,99.36,25245261,94.91,502793,287500,1.08,31.41046003,29.01050421
Niviventer-bukit,Niviventer,bukit,Hiseq4000,4,2,LSUMZ38136,NA,NA,NA,NA,NA,NA,NA,SM054,NA,NA,NA,NA,NA,NA,157457,843.9653937,881,45301,35768541,93.46,33223554,87.64,1593704,586754,1.55,22.23721218,6.80342129,26.04662004,6.845778259,38433137,97.24,33137452,87.41,2490608,692572,1.83,26871144,99.12,25311111,94.48,509010,408613,1.53,34.10768109,29.89746811
Genus-sp-nov,Genus,sp nov,Hiseq4000,4,2,NMV Z21816,NA,NA,NA,NA,NA,NA,NA,SM059,NA,NA,NA,NA,NA,NA,176846,797.6237235,878,48854,34760990,93.85,32512768,88.45,1449992,514449,1.4,21.19916689,6.331077545,24.85847037,6.149633412,37300180,97.6,32703212,88.96,2066426,595705,1.62,26378370,99.23,25008021,95.1,416477,356004,1.35,34.1731195,30.33755425
Saxatilomys-paulinae,Saxatilomys,paulinae,Hiseq4000,4,2,ABTC 116266,NA,NA,NA,NA,NA,NA,NA,SM075,NA,NA,NA,NA,NA,NA,158010,857.4402759,901,44762,32467785,93.61,30554840,88.73,1178622,481217,1.4,18.97590952,5.64014425,22.25132449,5.718096575,34812795,97.51,30695268,89.14,1860164,572183,1.66,24663073,99.2,23442207,95.21,364595,346154,1.41,29.23299183,25.96306414
Crunomys-sp.,Crunomys,sp.,Hiseq4000,4,2,KU168558,NA,NA,NA,NA,NA,NA,NA,REC6,NA,NA,NA,NA,NA,NA,125256,1085.89646,1089,37092,30582243,93.65,28579964,88.34,1013014,637593,1.97,17.89663219,5.800968093,20.88809913,6.031526646,32735373,97.05,28142726,86.99,2051286,591329,1.83,22210828,99.13,20747624,93.99,413960,323040,1.46,26.56867864,23.87478934
Microhydromys-richardsoni,Microhydromys,richardsoni,Hiseq4000,4,2,ANWC M35851,NA,NA,NA,NA,NA,NA,NA,SM050,NA,NA,NA,NA,NA,NA,171635,831.5607423,912,46453,35445920,94.43,32410552,87.27,2051488,578403,1.56,20.62258559,6.809481736,24.00316495,6.934552053,38351465,98.06,32495360,87.5,2676482,474056,1.28,26215951,99.42,24462488,94.52,497304,248031,0.96,32.10332978,29.44758508
Uromys-caudimaculatus,Uromys,caudimaculatus,Hiseq4000,4,2,DT10 Uc01,NA,NA,NA,NA,NA,NA,NA,SM078,NA,NA,NA,NA,NA,NA,129179,1013.79091,997,37406,34818066,94.07,32585278,88.85,1254896,625631,1.71,21.59644575,6.850768757,25.24666999,7.096762558,37823933,98.18,32170992,87.72,2491972,445993,1.22,26183167,99.46,24345689,94.36,459808,238965,0.93,31.15419834,28.77946564
Mirzamys-louiseae,Mirzamys,louiseae,Hiseq4000,4,2,ABTC 133754,NA,NA,NA,NA,NA,NA,NA,SM051,NA,NA,NA,NA,NA,NA,131127,1030.712416,1008,37950,39195721,94.22,36678440,89.07,1329416,746934,1.81,23.14816534,7.454978877,27.01472329,7.849465352,42688290,98.39,36295444,88.14,2847022,460778,1.12,29742401,99.49,27649546,94.45,581264,248027,0.85,35.02997168,32.48855487
Papagomys-armandvillei,Papagomys,armandvillei,Hiseq4000,4,2,WAM M32592,NA,NA,NA,NA,NA,NA,NA,SM057,NA,NA,NA,NA,NA,NA,157163,877.504069,913,44691,36641640,94.18,34402046,89.16,1379436,534393,1.38,22.78562807,6.491643734,26.80672741,6.576807605,39190828,97.6,34285124,88.86,2224942,610348,1.58,27858428,99.27,26437832,95.2,442594,358695,1.29,36.02968903,32.03524393
Chiromyscus-chiropus,Chiromyscus,chiropus,Hiseq4000,4,2,ABTC 69097,NA,NA,NA,NA,NA,NA,NA,SM034,NA,NA,NA,NA,NA,NA,159949,810.0159613,850,46571,32448438,92.87,30185032,87.18,1454634,489599,1.41,19.95112399,6.05702252,23.37466211,6.069743158,35078962,97.43,30647818,88.52,2038152,573041,1.66,24905540,99.23,23615233,95.05,416290,342977,1.38,30.57453063,26.71555276
Pogonomelomys-bruijni,Pogonomelomys,bruijni,Hiseq4000,4,2,AM.M.21849,NA,NA,NA,NA,NA,NA,NA,REC26,NA,NA,NA,NA,NA,NA,128031,957.792105,937,38130,29667498,93.43,27471388,87.43,1360096,488499,1.55,20.49299105,7.13597446,23.81362079,7.242045175,32141565,97.42,27261462,86.76,2157698,387286,1.23,21424007,99.48,20062831,94.79,363343,181368,0.86,26.85958145,24.64240191
Paraleptomys-sp,Paraleptomys,sp,Hiseq4000,4,2,H126 = ABTC133716,NA,NA,NA,NA,NA,NA,NA,SM065,NA,NA,NA,NA,NA,NA,170616,820.2771721,886,46240,39326794,94.48,36409528,88.3,1957018,564585,1.37,23.41548989,7.477640138,27.33718505,7.488615759,42845548,98.63,36782754,89.2,2641482,376113,0.91,30050862,99.62,28169150,95.28,469218,191760,0.65,36.69809955,34.00341588
Oenomys-hypoxanthus,Oenomys,hypoxanthus,Hiseq4000,4,2,LSUMZ37838,NA,NA,NA,NA,NA,NA,NA,REC13,NA,NA,NA,NA,NA,NA,163485,865.6621831,916,45193,35296688,94.58,33143946,89.4,1410860,489597,1.32,21.13610635,6.122659868,24.84362445,6.112469149,37822831,98.55,34067578,91.89,1690938,363315,0.98,27381279,99.6,26455612,96.87,329602,196774,0.72,33.29332185,30.88990229
Bandicota-indica,Bandicota,indica,Hiseq4000,4,2,ABTC 119185,NA,NA,NA,NA,NA,NA,NA,SM009,NA,NA,NA,NA,NA,NA,129591,850.7431226,860,38823,27904610,92.03,26188890,87.15,1030718,408512,1.36,20.79652638,6.136354905,24.42260217,6.260844641,30769678,97.85,26686988,88.81,1803888,423335,1.41,21989973,99.35,20666085,94.9,383990,253435,1.16,28.49810212,24.62976755
Rattus-xanthurus,Rattus,xanthurus,Hiseq4000,4,2,LSUMZ39196,NA,NA,NA,NA,NA,NA,NA,REC17,NA,NA,NA,NA,NA,NA,164911,881.647998,948,46081,35541623,94.06,32820896,87.55,1813186,606999,1.62,20.8366746,6.281678059,24.41466608,6.392123468,37920440,97.1,32650342,87.09,2301934,727006,1.94,26488001,99.06,24667996,93.64,507441,434505,1.65,33.94775026,30.16147848
Lenomys-meyeri,Lenomys,meyeri,Hiseq4000,4,2,LSUMZ39079,NA,NA,NA,NA,NA,NA,NA,REC11,NA,NA,NA,NA,NA,NA,154527,905.0742524,1021,41675,37402127,93.86,34497066,87.27,1948734,614828,1.56,21.43455538,6.93908995,25.01692148,6.997768949,40280259,97.29,34758326,87.93,2325130,705634,1.79,27391089,99.1,25522572,94.04,530798,408544,1.51,32.86741518,29.3242005
Thamnomys-kempi,Thamnomys,kempi,Hiseq4000,4,2,TCD4437,NA,NA,NA,NA,NA,NA,NA,REC23,NA,NA,NA,NA,NA,NA,210008,679.0805065,791,55140,30945363,93.93,28082542,85.87,2158312,455681,1.39,18.84990138,5.822518764,21.98839184,5.899015793,33591664,98.35,29255714,89.46,1802082,333561,1.02,23687402,99.57,22261026,95.15,346645,171426,0.73,29.34922692,27.16886656
Parahydromys-asper,Parahydromys,asper,Hiseq4000,4,2,ABTC 45798,NA,NA,NA,NA,NA,NA,NA,SM058,NA,NA,NA,NA,NA,NA,159728,802.0797481,861,44167,33065446,93.57,30695440,87.68,1550538,478832,1.37,20.5727962,6.50767462,24.00209944,6.769767995,36350720,98.71,31399166,89.69,2144438,309943,0.89,25909691,99.63,24394809,95.57,378946,164423,0.64,30.75203348,28.13184508
Rattus-argentiventer,Rattus,argentiventer,Hiseq4000,4,2,LSUMZ38199,NA,NA,NA,NA,NA,NA,NA,SM042,NA,NA,NA,NA,NA,NA,125117,929.0827785,888,39216,28758949,92.23,27306800,88.38,696024,464490,1.5,19.85381796,5.670829052,23.37921474,5.792959571,31273853,97.41,27336184,88.47,1825154,521787,1.69,22319084,99.22,21153615,94.99,380052,317540,1.43,27.81559846,24.20016723
Uromys-sp-nov,Uromys,sp nov,Hiseq4000,4,2,YS380,NA,NA,NA,NA,NA,NA,NA,REC25,NA,NA,NA,NA,NA,NA,125294,966.3421153,945,36753,34663041,93.45,32647106,88.81,1145522,517149,1.41,22.63794988,7.491975787,26.41390679,7.546363813,37983419,98.51,32824720,89.3,2243684,345488,0.94,26828806,99.62,25241600,95.49,378862,178983,0.68,31.42056857,28.92986186
Otomys-tropicalis,Otomys,tropicalis,Hiseq4000,4,2;4,LSUMZ37841,NA,NA,NA,NA,NA,NA,NA,REC15,NA,NA,NA,NA,NA,REC15,NA,NA,NA,NA,58123371,95.29,54972984,90.68,2042608,697903,1.15,26.89415758,7.591243532,31.64298144,7.955385564,61104173,97.76,55367146,91.33,2402998,697080,1.15,43559315,99.49,41971651,96.54,485825,379315,0.87,46.87851982,43.75824101
Niviventer-cremoriventer,Niviventer,cremoriventer,Hiseq4000,4,2,LSUMZ38141,NA,NA,NA,NA,NA,NA,NA,SM055,NA,NA,NA,NA,NA,NA,200912,720.2120033,819,55002,44109926,94.11,40528902,87.36,2533462,561596,1.21,25.34047639,7.917130793,29.60407692,7.730003952,47349594,97.69,41197450,88.8,2832222,699748,1.51,33357134,99.3,31622818,95.26,583681,414767,1.25,42.15002849,37.24208381
Otomys-denti,Otomys,denti,Hiseq4000,4,2,LSUMZ37840,NA,NA,NA,NA,NA,NA,NA,REC14,NA,NA,NA,NA,NA,NA,197089,739.2509272,867,51577,35575861,93.85,32571908,86.56,2208384,499176,1.33,19.90452239,6.350134524,23.19255091,6.426384788,38249503,98.26,34372984,91.34,1684842,385369,1.02,26857490,99.55,25864549,96.56,323910,203901,0.76,31.31974429,29.09545599
Praomys-jacksoni,Praomys,jacksoni,Hiseq4000,4,2,NA,NA,NA,NA,NA,NA,NA,NA,REC31,NA,NA,NA,NA,NA,NA,167369,788.9976399,868,45410,35910529,93.47,32696916,86.12,2137712,548129,1.44,21.24446743,7.648033758,24.60005776,7.561159839,39654684,98.87,33805596,89.04,2585572,278789,0.73,27401398,99.69,25694671,95.43,441041,130286,0.48,31.33166121,29.43998429
Margaretamys-christinae,Margaretamys,christinae,Hiseq4000,4,3,T_Mar1,NA,NA,NA,NA,NA,NA,NA,NA,SM061,NA,NA,NA,NA,NA,129380,949.7187278,928,38298,37261744,93.74,35177130,89.27,1230314,500679,1.27,24.11552763,7.475656966,28.25280396,7.624864573,40325269,97.78,34747576,88.18,2403402,548947,1.39,28156602,99.33,26256960,94.43,461160,311008,1.12,33.21394054,30.17069215
Dasymys-incomtus,Dasymys,incomtus ,Hiseq4000,4,3,LSUMZ37702,NA,NA,NA,NA,NA,NA,NA,NA,REC29,NA,NA,NA,NA,NA,172204,744.216923,834,46279,37780735,93,35338590,87.57,1606574,420948,1.04,20.84610194,6.477441029,24.36628734,6.498509078,41268798,98.7,37178598,92.13,1672902,309531,0.77,30025412,99.69,28943412,96.94,293497,155651,0.52,30.94865284,28.62700114
Taeromys-callitrichus,Taeromys,callitrichus,Hiseq4000,4,3,LSUMZ37153,NA,NA,NA,NA,NA,NA,NA,NA,REC19,NA,NA,NA,NA,NA,126834,1031.984145,1037,37504,40005188,93.47,37891714,89.35,980620,628676,1.48,23.74381195,6.754787614,27.9381726,7.13593189,43161511,97.7,37772306,89.07,2381362,625467,1.47,30206334,99.3,28620018,95.19,483368,357014,1.19,36.03649344,32.13857548
Hybomys-lunaris,Hybomys,lunaris,Hiseq4000,4,3,LSUMZ37734,NA,NA,NA,NA,NA,NA,NA,NA,SM039,NA,NA,NA,NA,NA,161159,789.1895892,849,44423,38154738,93.55,35917674,88.7,1538948,387763,0.96,23.24118748,7.131674238,27.23485608,6.94031942,41320453,98.54,37463154,92.52,1593950,338519,0.84,30712900,99.66,29602602,97.05,288542,185147,0.61,35.19272259,32.16404735
Sundamys-annandalei,Sundamys,annandalei,Hiseq4000,4,3,YS118,NA,NA,NA,NA,NA,NA,NA,NA,REC18,NA,NA,NA,NA,NA,130083,958.8963354,937,39284,37061798,93.31,35202886,89.47,956230,522721,1.33,23.46584683,6.718353122,27.63924752,6.772443885,40111227,97.82,35109248,89.23,2245964,557837,1.42,28724343,99.34,27191955,95.24,463288,331684,1.16,34.64067479,30.81126998
Nesokia-indica,Nesokia,indica,Hiseq4000,4,3,ABTC 117074,NA,NA,NA,NA,NA,NA,NA,NA,SM053,NA,NA,NA,NA,NA,146100,746.1911841,798,42057,33280440,91.32,31279052,86.7,1233196,396313,1.1,23.59368412,7.226751209,27.62021409,7.21049816,37250323,98.41,32635192,90.46,2022844,365943,1.01,26459683,99.55,25168206,96.09,392455,209738,0.8,32.44133351,28.23923606
Macruromys-major,Macruromys,major,Hiseq4000,4,3,ABTC 43909,NA,NA,NA,NA,NA,NA,NA,NA,SM045,NA,NA,NA,NA,NA,131377,874.4897204,887,38156,43947774,92.96,41657876,89.11,1303658,453664,0.97,29.4413833,9.56713402,34.40382319,9.420524023,49018029,99.3,43153300,92.31,2503940,197223,0.42,34380856,99.85,33114809,97.49,372621,87814,0.26,39.78806207,37.12901931
Mus-musculoides,Mus,musculoides,Hiseq4000,4,3,LSUMZ37820,NA,NA,NA,NA,NA,NA,NA,NA,REC30,NA,NA,NA,NA,NA,225709,734.9194715,865,57744,67027181,95.96,61654928,89.2,3771940,635757,0.92,32.69002967,11.00819225,38.01655359,10.76083417,72373064,99.74,64416736,93.19,3296284,110262,0.16,52233062,99.95,50509165,97.67,540754,45285,0.09,58.2738322,58.01302633
Pelomys-minor,Pelomys,minor,Hiseq4000,4,3,FMNH219213,NA,NA,NA,NA,NA,NA,NA,NA,REC16,NA,NA,NA,NA,NA,134887,1037.365061,1016,40056,43758540,94.51,41269484,90.1,1268730,698827,1.53,25.7547627,7.628282697,30.29427139,7.523795296,47061692,98.27,40876036,89.24,2964158,521433,1.14,32800859,99.56,31320015,96.11,517220,252093,0.77,39.76067284,36.78910853
Tarsomys-apoensis,Tarsomys,apoensis,Hiseq4000,4,3,KU167148,NA,NA,NA,NA,NA,NA,NA,NA,REC21,NA,NA,NA,NA,NA,124300,965.129292,942,37725,34657925,92.56,32916036,88.7,873046,492883,1.33,22.9747081,6.910246087,26.99755234,6.81207869,37841077,97.76,33046462,89.06,2081252,516851,1.39,26836871,99.36,25288651,95.04,416597,302097,1.14,33.16470288,29.18219346
Batomys-russatus,Batomys,russatus,Hiseq4000,4,3,KU165776,NA,NA,NA,NA,NA,NA,NA,NA,REC28,NA,NA,NA,NA,NA,121532,970.6681944,941,37188,30936503,92.76,29361014,88.86,804354,439066,1.33,19.73519044,5.549186894,23.25546478,5.719040445,33336145,97.37,29593840,89.56,1699562,535864,1.62,23513353,99.32,22685157,96.33,260275,291551,1.24,27.32414296,23.91387175
Halmaheramys-bokimekot,Halmaheramys,bokimekot,Hiseq4000,4,3,33262 (WD225),NA,NA,NA,NA,NA,NA,NA,NA,REC22,NA,NA,NA,NA,NA,124860,968.1841502,945,38114,33653301,92.51,32216438,89.23,664120,455942,1.26,21.48235789,6.078540306,25.35311187,5.888352127,36734911,97.95,32591552,90.27,1799634,467161,1.29,26367442,99.4,25135733,95.8,347328,272749,1.04,31.29968529,27.78245175
Chiruromys-vates,Chiruromys,vates,Hiseq4000,4,3,ABTC 43096,NA,NA,NA,NA,NA,NA,NA,NA,SM035,NA,NA,NA,NA,NA,126017,974.2020362,952,37129,43583657,93.9,41917162,91.05,812356,446172,0.97,28.07482878,7.834750011,33.12223809,7.887045367,47463335,99.04,42711840,92.78,2118756,275486,0.6,35102104,99.77,34039636,97.62,341452,139492,0.4,40.67855906,37.91083608
Chrotomys-whiteheadi,Chrotomys,whiteheadi,Hiseq4000,4,3,KU168311,NA,NA,NA,NA,NA,NA,NA,NA,REC34,NA,NA,NA,NA,NA,119838,935.6263623,910,36578,32468415,92.22,31053252,88.99,638872,418148,1.2,23.08415919,6.49342394,27.21891517,6.54659819,35863865,98.73,32110154,92.02,1670684,283521,0.81,26261518,99.67,25409558,97.22,277560,152094,0.58,31.71568775,28.83005352
Abeomelomys-sevia,Abeomelomys,sevia,Hiseq4000,4,3;4,KUM 161018,NA,NA,NA,NA,NA,NA,NA,NA,REC32,NA,NA,NA,NA,REC32,NA,NA,NA,NA,50266253,93.18,47427374,88.94,1765854,424747,0.8,32.33504752,11.02295493,37.6263002,11.03063538,54820702,98.42,48934270,91.76,2512058,312519,0.59,37619684,99.77,36241036,97.3,369820,139077,0.37,43.72354472,40.79445223
Berylmys-mackenzii,Berylmys,mackenzii,Hiseq4000,4,3,ABTC 116402,NA,NA,NA,NA,NA,NA,NA,NA,SM011,NA,NA,NA,NA,NA,105947,874.3354696,842,33493,31952487,90.45,30115856,86.41,933656,419757,1.2,26.68426458,8.711232693,31.18848909,8.586767795,36237176,98.56,31356756,89.97,2174638,331151,0.95,25116770,99.57,23848851,96.02,401952,185597,0.75,31.28083026,27.27618842
Solomys-salebrosus,Solomys,salebrosus,Hiseq4000,4,3,ABTC 64864,NA,NA,NA,NA,NA,NA,NA,NA,SM076,NA,NA,NA,NA,NA,153978,786.625479,837,42888,38734833,92.66,36039604,87.1,1706506,559665,1.35,26.16754115,8.358809804,30.51399463,8.74219093,43173242,98.86,37109090,89.68,2696642,324342,0.78,30509775,99.65,28717095,95.67,486583,173314,0.58,37.43201759,34.3065292
Zelotomys-woosnami,Zelotomys,woosnami,Hiseq4000,4,3,TTU-M115260,NA,NA,NA,NA,NA,NA,NA,NA,SM081,NA,NA,NA,NA,NA,164818,790.6894089,854,44512,42670814,93.92,39547826,87.93,2143640,510157,1.13,25.35588357,8.997814057,29.43696472,8.617572178,47095014,99.01,40429514,89.89,2906910,260415,0.58,33391453,99.77,31321692,95.71,532441,128248,0.39,37.55812392,35.5578345
Kadarsanomys-sodyi,Kadarsanomys,sodyi,Hiseq4000,4,3;4,MZB-Sample,NA,NA,NA,NA,NA,NA,NA,NA,REC 27,NA,NA,NA,NA,REC27,NA,NA,NA,NA,34193568,91.27,32374066,87.45,901014,455434,1.23,24.07104199,7.021728041,28.23379054,7.684260698,37987444,97.99,33248490,89.81,2151074,403674,1.09,27119733,99.51,25824486,95.99,429594,232934,0.87,32.65022914,28.23455811
Mallomys-rothschildi,Mallomys,rothschildi,Hiseq4000,4,3,ABTC 47402,NA,NA,NA,NA,NA,NA,NA,NA,SM046,NA,NA,NA,NA,NA,129458,853.5511903,875,37051,36615923,92.11,34604282,87.96,1162978,426187,1.08,25.4447763,8.64411288,29.65824905,8.3169396,41120716,99.18,36202904,92.03,2127612,187236,0.48,29350617,99.83,28228050,97.35,331880,87325,0.3,33.78448262,31.32782504
Taeromys-taerae,Taeromys,taerae,Hiseq4000,4,3,LSUMZ39224,NA,NA,NA,NA,NA,NA,NA,NA,REC20,NA,NA,NA,NA,NA,118974,959.6234976,946,36067,35201457,92.22,33666180,88.95,765268,434753,1.15,23.86625843,6.965468137,28.07467581,7.062329726,38713837,98.12,34407788,90.91,1763596,433003,1.14,27648427,99.44,26294819,95.91,342363,258993,0.94,33.24616317,29.62691635
Vandeleuria-oleracea,Vandeleuria,oleracea,Hiseq4000,4,3,ABTC 116404,NA,NA,NA,NA,NA,NA,NA,NA,SM079,NA,NA,NA,NA,NA,151790,750.6268661,812,42391,35079401,91.69,33399998,87.95,1057718,335484,0.88,24.38318908,7.079680419,28.62639445,7.153968913,38947393,98.85,35369924,93.13,1509558,262476,0.69,29090683,99.72,28121667,97.42,272886,142890,0.5,35.04701804,31.65772103
Conilurus-albipes,Conilurus,albipes,Hiseq2500,5,NA,NMV-c7585,NA, NA, NA, NA, NA, NA, NA, NA, NA,53930_HTVLKBCX2_TGCGTCC,53930_HTVLKBCX2_TGCGTCC,NA,NA,NA,NA,NA,NA,NA,137568730,87.46,133871322,85.42,1482410,1171000,0.75,75.10857121,34.13679752,85.3004027,34.28633931,154509061,97.29,147059722,93.84,3213640,1205893,0.77,99324673,99.48,97378463,97.79,341645,725671,0.73,92.37210041,84.44415811
Conilurus-penicillatus,Conilurus,penicillatus,Hiseq2500,5,NA,M14056,NA, NA, NA, NA, NA, NA, NA, NA, NA,53920_HTVLWBCX2_GCTCGAA,53920_HTVLWBCX2_GCTCGAA,NA,NA,NA,NA,NA,NA,NA,23518334,86.22,21644258,79.62,667706,1020827,3.76,17.50031049,7.471756419,20.03667793,7.225662077,25428759,92.29,22054656,81.13,1517140,1071493,3.94,16307756,97.52,15198136,91.23,192085,590238,3.54,20.67355089,18.49247289
Leggadina-forresti,Leggadina,forresti,Hiseq2500,5,NA,WAMM62323,NA, NA, NA, NA, NA, NA, NA, NA, NA,52918_AH7T2JBCX2_CTGCGAC,52918_AH7T7NBCX2_CTGCGAC,NA,NA,NA,NA,NA,NA,NA,36267570,88.55,33374706,81.78,1517020,1062350,2.6,24.53106145,9.669673909,28.2443972,9.586140023,38502123,93.14,33815580,82.86,2161418,1410634,3.46,26189728,97.86,24623013,92.32,273203,822283,3.08,31.66574781,27.56338337
Leggadina-lakedownensis,Leggadina,lakedownensis,Hiseq2500,5,NA,WAMM21623,NA, NA, NA, NA, NA, NA, NA, NA, NA,52919_AH7T2JBCX2_ACGTATG,52919_AH7T7NBCX2_ACGTATG,NA,NA,NA,NA,NA,NA,NA,49967592,89.08,45356938,81.17,2800246,1441934,2.58,26.80275874,11.05917574,30.69434828,11.12024776,52653682,92.9,45798462,81.97,3246134,1935704,3.46,34778287,97.87,32571430,92.06,386924,1080278,3.05,36.76997536,32.40746118
Leporillus-apicalis,Leporillus,apicalis,Hiseq2500,5,NA,C90,NA, NA, NA, NA, NA, NA, NA, NA, NA,Placeholder,Placeholder,NA,NA,NA,NA,NA,NA,NA,143138257,78.16,139825800,76.76,1085912,505569,0.28,99.73731202,63.21065872,108.8686081,63.10277701,182326786,98.54,175802860,96.51,2260048,486285,0.27,111540476,99.79,110030141,98.71,218785,325274,0.29,86.47533467,76.84592593
Leporillus-conditor,Leporillus,conditor,Hiseq2500,5,NA,ABTC13335,NA, NA, NA, NA, NA, NA, NA, NA, NA,Placeholder,Placeholder,NA,NA,NA,NA,NA,NA,NA,13880103,80.96,12445488,72.8,566388,771077,4.51,12.04396795,5.842668004,13.58406114,5.904207315,16019675,92.47,13912908,81.38,926868,686756,4.02,10464056,97.39,9726702,90.86,135325,395470,3.69,11.26685125,9.656230889
Mastacomys-fuscus,Mastacomys,fuscus,Hiseq2500,5,NA,M13957,NA, NA, NA, NA, NA, NA, NA, NA, NA,Placeholder,Placeholder,NA,NA,NA,NA,NA,NA,NA,48671703,88.81,44324024,81.17,2696184,1281368,2.35,30.02575801,11.36130693,34.66182496,11.15962756,51804194,93.41,45298634,82.96,3000556,1603662,2.94,34001177,98.26,31836507,92.6,312545,859877,2.5,42.2568424,38.55671515
Mastacomys-fuscus,Mastacomys,fuscus,Hiseq2500,5,NA,NMB C37546,NA, NA, NA, NA, NA, NA, NA, NA, NA,Placeholder,Placeholder,NA,NA,NA,NA,NA,NA,NA,24876549,86.05,22455902,77.94,1229810,1030476,3.58,18.34953099,7.827246581,20.97147053,7.851900405,26704316,91.31,22831350,79.24,1731148,1115675,3.87,16826896,97.53,15481204,90.31,205600,601296,3.51,20.77317815,18.48075419
Mesembriomys-gouldii,Mesembriomys,gouldii,Hiseq2500,5,NA,ABTC7449,NA, NA, NA, NA, NA, NA, NA, NA, NA,53919_HTVLKBCX2_CTCGATG,53919_HTVLKBCX2_CTCGATG,NA,NA,NA,NA,NA,NA,NA,29464961,87.15,27072160,80.35,975652,1203686,3.57,20.00883056,8.296585572,22.93315548,8.314274035,31425533,91.96,27070700,80.34,1981630,1351763,4.01,19800426,97.43,18393934,90.89,240090,734231,3.63,24.57301675,22.24829676
Mesembriomys-macrurus,Mesembriomys,macrurus,Hiseq2500,5,NA,ABTC7337,NA, NA, NA, NA, NA, NA, NA, NA, NA,53918_HTVLWBCX2_ATGGAGA,53918_HTVLWBCX2_ATGGAGA,NA,NA,NA,NA,NA,NA,NA,17141177,76.44,15556344,69.58,575102,879841,3.94,14.54235254,6.664570459,16.52336578,6.566394811,20404275,90.08,17627826,78.85,1274902,905021,4.05,11707652,97.52,10930798,91.38,131477,422696,3.53,15.53469978,13.69632981
Notomys-alexis,Notomys,alexis,Hiseq2500,5,NA,U1308,NA, NA, NA, NA, NA, NA, NA, NA, NA,52920_AH7T2JBCX2_ATACTGA,52920_AH7T7NBCX2_ATACTGA,NA,NA,NA,NA,NA,NA,NA,31626426,87.04,28215178,77.94,2047626,1099778,3.04,21.29623867,9.094759989,24.28680992,9.22419849,34061978,92.72,29596144,81.76,2064954,1175618,3.25,22178997,98.03,20690513,91.95,259665,636901,2.83,26.51989464,23.14461812
Notomys-amplus,Notomys,amplus,Hiseq2500,5,NA,NMV-C512,NA, NA, NA, NA, NA, NA, NA, NA, NA,53926_HTVLWBCX2_TTGGATC,53926_HTVLWBCX2_TTGGATC,NA,NA,NA,NA,NA,NA,NA,100575761,74.43,97653126,72.67,1137732,663989,0.49,80.92706597,59.12976223,86.28334906,59.76676718,133149806,97.45,127185886,94.64,2387540,658262,0.49,69675363,99.6,68388702,98.11,219238,378913,0.54,52.70087089,45.57213767
Notomys-aquilo,Notomys,aquilo,Hiseq2500,5,NA,M-32455,NA, NA, NA, NA, NA, NA, NA, NA, NA,52921_AH7T2JBCX2_TACTTAG,52921_AH7T7NBCX2_TACTTAG,NA,NA,NA,NA,NA,NA,NA,35688039,87.71,32585732,80.36,1737628,1091350,2.69,23.24640989,9.421464906,26.66978949,9.508653589,38420924,93.42,33681122,83.06,2193076,1267985,3.13,25207427,98.13,23630502,92.43,282284,694104,2.71,30.86058364,27.12604065
Notomys-cervinus,Notomys,cervinus,Hiseq2500,5,NA,M22857,NA, NA, NA, NA, NA, NA, NA, NA, NA,52922_AH7T2JBCX2_AAGCTAA,52922_AH7T7NBCX2_AAGCTAA,NA,NA,NA,NA,NA,NA,NA,30159414,88.06,27514336,80.62,1487496,926965,2.72,22.13361709,8.813284716,25.43167371,8.850543811,32496884,93.79,28461234,83.4,1819312,1009103,2.96,21957434,98.21,20503860,92.29,233024,572352,2.58,28.00676425,24.50924101
Notomys-fuscus,Notomys,fuscus,Hiseq2500,5,NA,22830,NA, NA, NA, NA, NA, NA, NA, NA, NA,52924_AH7T2JBCX2_AGAAGAC,52924_AH7T7NBCX2_AGAAGAC,NA,NA,NA,NA,NA,NA,NA,31536293,87.94,28902108,80.88,1438220,985821,2.76,22.01263745,9.13342267,25.20511485,9.127429019,34102580,94.07,30083998,84.19,1903126,1059349,2.96,22701649,98.24,21405494,93.07,241922,585681,2.55,28.32837582,24.81573291
Notomys-longicaudatus,Notomys,longicaudatus,Hiseq2500,5,NA,C6278,NA, NA, NA, NA, NA, NA, NA, NA, NA,52956_BH7T33BCX2_GGTCAAG,52956_BH7T77BCX2_GGTCAAG,NA,NA,NA,NA,NA,NA,NA,74758215,73.23,73187386,71.98,511942,340631,0.34,71.99206763,39.98133673,79.94958977,40.15086475,101868231,98.78,98331374,96.71,1231588,302344,0.3,70964984,99.79,69957128,98.72,147133,208022,0.29,53.24946516,45.26429769
Notomys-macrotis,Notomys,macrotis,Hiseq2500,5,NA,ZD-1841-1167,NA, NA, NA, NA, NA, NA, NA, NA, NA,53929_HTVLKBCX2_AGGTACC,53929_HTVLKBCX2_AGGTACC,NA,NA,NA,NA,NA,NA,NA,29596038,54.52,27963686,52.05,682868,266865,0.5,108.7062887,104.7388701,111.0991641,93.58187328,53347052,97.06,49960870,93,1326880,324367,0.6,22367367,99.4,21705190,96.76,69151,182838,0.82,10.21492389,7.31647395
Notomys-mitcheli,Notomys,mitchelli,Hiseq2500,5,NA,ABTC94521,NA, NA, NA, NA, NA, NA, NA, NA, NA,Placeholder,Placeholder,NA,NA,NA,NA,NA,NA,NA,27731753,87.22,25655916,80.97,1031508,832013,2.63,21.50315976,8.702328889,24.71424772,8.485801353,30224832,94.07,26769158,84.48,1586134,904166,2.85,20583638,98.29,19404482,93.1,197181,516565,2.48,26.30355518,22.85107335
Notomys-mitchellii,Notomys,mitchellii,Hiseq2500,5,NA,M21518,NA, NA, NA, NA, NA, NA, NA, NA, NA,Placeholder,Placeholder,NA,NA,NA,NA,NA,NA,NA,16246567,82.71,14658696,74.97,634720,789182,4.04,14.91046306,6.849360469,16.92905685,6.784385343,18220384,91.88,15709830,80.35,1123784,737037,3.77,11622779,97.65,10765613,90.92,138900,398067,3.36,14.99290507,13.02359784
Pseudomys-patrius,Pseudomys,patrius,Hiseq2500,5,NA,JM10865,NA, NA, NA, NA, NA,NA, NA, NA, NA,52940_BH7T33BCX2_CCAACCT,52940_BH7T77BCX2_CCAACCT,NA,NA,NA,NA,NA,NA,NA,32688039,87.13,29885816,79.89,1626456,879854,2.35,23.42000325,8.946584709,26.9972958,8.917574969,35641782,93.92,31308232,83.69,1890558,1124356,3.01,24785121,98.08,23114327,92.06,244895,678694,2.7,29.99849646,26.23225262
Pseudomys-pilligaensis,Pseudomys,pilligaensis,Hiseq2500,5,NA,ABTC18120,NA, NA, NA, NA, NA, NA, NA, NA, NA,52942_BH7T33BCX2_AGAATTA,52942_BH7T77BCX2_AGAATTA,NA,NA,NA,NA,NA,NA,NA,22005988,86.66,20405000,80.6,738372,677144,2.67,18.86751478,7.17709764,21.76679734,7.27512603,24099243,93.99,21314864,84.19,1251250,788812,3.12,16624964,98.11,15641273,92.68,167570,464776,2.75,22.08212592,19.04026237
Pseudomys-shortridgei,Pseudomys,shortridgei,Hiseq2500,5,NA,M7890,NA, NA, NA, NA, NA, NA, NA, NA, NA,Placeholder,Placeholder,NA,NA,NA,NA,NA,NA,NA,58999191,87.18,56004824,83.09,1634116,991319,1.47,35.22570485,15.40351974,40.21371549,14.90410761,65465078,95.68,59847656,88.79,2837062,1015307,1.51,42359560,99.15,40792837,95.96,310409,526529,1.24,41.30537459,36.34430904
Pseudomys-shortridgei,Pseudomys,shortridgei,Hiseq2500,5,NA,M62127,NA, NA, NA, NA, NA, NA, NA, NA, NA,Placeholder,Placeholder,NA,NA,NA,NA,NA,NA,NA,25184169,86.06,22669422,77.72,1339226,1028701,3.53,17.76998035,7.700200219,20.2858974,7.631419001,27118366,91.65,23391950,80.2,1712690,1124546,3.86,16954333,97.55,15751767,91.06,213638,601674,3.48,20.2250709,17.95624522
Pseudomys-shortridgei,Pseudomys,shortridgei,Hiseq2500,5,NA,Z25113,NA, NA, NA, NA, NA, NA, NA, NA, NA,Placeholder,Placeholder,NA,NA,NA,NA,NA,NA,NA,23627265,84.59,21312356,76.57,981664,1198242,4.3,15.53458165,7.284823928,17.60160873,7.235272395,25531145,90.42,21652224,77.79,1751862,1285676,4.62,15358827,96.97,14077116,89.32,236834,674064,4.28,17.51740246,15.54703123
Rattus-colletti,Rattus,colletti,Hiseq2500,5,NA,RAT25,NA, NA, NA, NA, NA, NA, NA, NA, NA,52951_BH7T33BCX2_GCTAATC,52951_BH7T77BCX2_GCTAATC,NA,NA,NA,NA,NA,NA,NA,36125983,87.91,33447824,81.66,1270960,1084259,2.65,24.74412874,9.016861597,28.64357234,9.133042015,38145024,91.9,33179892,81.01,1957584,1701581,4.15,26397927,97.25,24312387,90.06,295797,1074858,3.98,32.60638171,27.90761686
Rattus-tunneyi,Rattus,tunneyi,Hiseq2500,5,NA,RAT130,NA, NA, NA, NA, NA, NA, NA, NA, NA,52952_BH7T33BCX2_GACTTCT,52952_BH7T77BCX2_GACTTCT,NA,NA,NA,NA,NA,NA,NA,19482446,84.36,17979030,78.11,655772,694662,3.02,17.8898388,6.681827146,20.66287148,6.850433488,21455622,91.93,18589284,80.76,1162396,965220,4.19,14895544,97.25,13721682,90.07,169307,610624,4.01,19.89331951,16.30185389
Zyzomys-argurus,Zyzomys,argurus,Hiseq2500,5,NA,ABTC61630,NA, NA, NA, NA, NA, NA, NA, NA, NA,52946_BH7T33BCX2_AACGACC,52946_BH7T77BCX2_AACGACC,NA,NA,NA,NA,NA,NA,NA,39727830,89.37,36195020,81.68,2007760,1154687,2.61,26.16023639,10.04445383,30.12616941,10.21886555,42409101,94.41,37403336,84.41,2226144,1355107,3.06,29653714,98.17,27838247,92.59,308339,802573,2.67,34.36878921,30.66497461
Zyzomys-maini,Zyzomys,maini,Hiseq2500,5,NA,ABTC07900,NA, NA, NA, NA, NA, NA, NA, NA, NA,52947_BH7T33BCX2_CCAGCGG,52947_BH7T77BCX2_CCAGCGG,NA,NA,NA,NA,NA,NA,NA,38562300,89.71,35195058,82.1,2032498,999966,2.33,26.28753373,10.16674846,30.30205466,10.18343919,40938536,94.21,36009650,84,2163486,1265235,2.95,28727989,98.14,26757199,91.98,331328,763217,2.62,33.65082851,30.88851653
Zyzomys-palatalis,Zyzomys,palatalis,Hiseq2500,5,NA,ABTC30744,NA, NA, NA, NA, NA, NA, NA, NA, NA,52949_BH7T33BCX2_TGGCAAT,52949_BH7T77BCX2_TGGCAAT,NA,NA,NA,NA,NA,NA,NA,23795696,87.28,21889002,80.51,938150,812422,2.99,17.76792519,6.856378743,20.47896244,6.852573932,25847380,93.84,22769912,83.75,1372014,907677,3.34,17621583,97.94,16523514,92.23,188722,532166,2.97,22.00278654,19.17318609
Zyzomys-pedunculatus,Zyzomys,pedunculatus,Hiseq2500,5,NA,Z34925,NA, NA, NA, NA, NA, NA, NA, NA, NA,52948_BH7T33BCX2_TAGTTCC,52948_BH7T77BCX2_TAGTTCC,NA,NA,NA,NA,NA,NA,NA,55066969,89.99,51252658,84,2011728,1536134,2.52,18.9672625,9.473477622,21.3535504,9.299204455,58201474,94.08,51553310,84.49,2994828,1949954,3.2,39270080,97.99,36944898,92.61,428023,1149707,2.88,22.89950147,20.36506013
Zyzomys-woodwardi,Zyzomys,woodwardi,Hiseq2500,5,NA,WAMM21724,NA, NA, NA, NA, NA, NA, NA, NA, NA,52950_BH7T33BCX2_CGTATAT,52950_BH7T77BCX2_CGTATAT,NA,NA,NA,NA,NA,NA,NA,16562095,85.97,15217566,79.2,601444,656641,3.42,14.57610112,5.935198478,16.72422431,6.011792247,18213817,93.56,15971002,83.12,988450,686602,3.57,12108103,97.72,11276226,91.44,153161,401938,3.26,15.75385808,13.44537008
Pseudomys-albocinereus,Pseudomys,albocinereus,Hiseq2500,5,NA,WAMM18855,NA, NA, NA, NA, NA, NA, NA, NA, NA,52930_AH7T2JBCX2_AACCTGC,52930_AH7T7NBCX2_AACCTGC,NA,NA,NA,NA,NA,NA,NA,31416153,87.24,28928098,80.6,1184650,955719,2.66,22.65100009,8.782305333,26.10490294,8.81900757,34158118,93.88,29998028,83.58,1958622,1065879,2.97,23139784,98.28,21798202,92.95,229222,590121,2.52,28.25016867,24.5219794
Pseudomys-apodemoides,Pseudomys,apodemoides,Hiseq2500,5,NA,M16672,NA, NA, NA, NA, NA, NA, NA, NA, NA,52931_AH7T2JBCX2_GACGATT,52931_AH7T7NBCX2_GACGATT,NA,NA,NA,NA,NA,NA,NA,40517022,87.86,37263180,81.08,1642362,1189784,2.59,26.21898185,10.16115948,30.22749109,10.07301571,43505128,93.39,37981652,82.64,2620400,1480193,3.22,28776739,98.12,27044494,92.58,298708,797879,2.73,35.00844618,30.75672848
Pseudomys-auritus,Pseudomys,auritus,Hiseq2500,5,NA,1846_4_4_67,NA, NA, NA, NA, NA, NA, NA, NA, NA,53928_HTVLKBCX2_TAATGCG,53928_HTVLWBCX2_TAATGCG,NA,NA,NA,NA,NA,NA,NA,7105633,77.82,6762244,75.07,145384,66435,0.74,432.4427959,263.1975183,470.5210015,296.2548707,9100079,97.87,8364026,92.85,343604,49776,0.55,1226306,98.88,1147812,94.13,12952,18975,1.56,2.755027422,0.672406324
Pseudomys-australis,Pseudomys,australis,Hiseq2500,5,NA,M25541,NA, NA, NA, NA, NA, NA, NA, NA, NA,52932_AH7T2JBCX2_TAGGCCG,52932_AH7T7NBCX2_TAGGCCG,NA,NA,NA,NA,NA,NA,NA,45694160,89.24,42038304,82.38,1953134,1245216,2.44,28.8216071,10.90236713,33.26447756,11.01747434,48771788,94.19,42643412,83.56,2811806,1512086,2.96,33259261,98.28,31127554,92.5,334689,844230,2.51,39.83675162,35.2080626
Pseudomys-bolami,Pseudomys,bolami,Hiseq2500,5,NA,ABTC08077,NA, NA, NA, NA, NA, NA, NA, NA, NA,Placeholder,Placeholder,NA,NA,NA,NA,NA,NA,NA,30941898,83.62,27721268,75.17,2019652,918662,2.49,22.17098088,8.845348902,25.44893055,8.827386231,34531366,92.39,30256022,82.05,2045104,1125812,3.05,22210207,98.28,20930290,93.01,214143,567467,2.52,28.80406352,25.06219406
Pseudomys-bolami,Pseudomys,bolami,Hiseq2500,5,NA,ABTC107389,NA, NA, NA, NA, NA, NA, NA, NA, NA,Placeholder,Placeholder,NA,NA,NA,NA,NA,NA,NA,25667894,87.47,23416798,80.09,1040382,1057958,3.62,17.41446084,7.841576353,19.75862252,8.184938864,27386419,92.43,23806832,81.42,1639620,1159403,3.97,17894784,97.48,16690783,91.27,233023,657826,3.6,19.83452886,17.63253857
Pseudomys-calabyi,Pseudomys,calabyi,Hiseq2500,5,NA,U4324,NA, NA, NA, NA, NA, NA, NA, NA, NA,Placeholder,Placeholder,NA,NA,NA,NA,NA,NA,NA,27233482,85.6,24847040,78.39,1176954,992355,3.13,18.26289916,7.586251643,20.89131271,7.81974818,29812935,92.75,25928094,81.81,1827394,1111196,3.51,19120672,97.88,17910683,92.11,203201,590142,3.03,22.95703493,20.63198588
Pseudomys-calabyi,Pseudomys,calabyi,Hiseq2500,5,NA,WAMM56280,NA, NA, NA, NA, NA, NA, NA, NA, NA,52938_BH7T33BCX2_AATAAGC,52938_BH7T77BCX2_AATAAGC,NA,NA,NA,NA,NA,NA,NA,50050323,89.24,44825972,80.21,3527868,1267518,2.27,28.7154225,10.9201043,33.03883213,11.04375445,53387703,94.2,47127212,84.33,2886816,1605508,2.87,36568771,98.24,34398873,92.89,365014,933962,2.52,42.57747872,38.03039308
Pseudomys-chapmani,Pseudomys,chapmani,Hiseq2500,5,NA,WAMM29440,NA, NA, NA, NA, NA, NA, NA, NA, NA,52926_AH7T2JBCX2_TCAGCTT,52926_AH7T7NBCX2_TCAGCTT,NA,NA,NA,NA,NA,NA,NA,37099855,88.77,33492042,80.4,2066912,1202395,2.89,24.98702832,9.6038455,28.791176,9.683461624,39319005,93.02,33932532,81.46,2459700,1438404,3.45,26428393,97.91,24514724,91.39,304108,812131,3.03,33.2055059,29.14557733
Pseudomys-delicatulus,Pseudomys,delicatulus,Hiseq2500,5,NA,JM18363,NA, NA, NA, NA, NA, NA, NA, NA, NA,Placeholder,Placeholder,NA,NA,NA,NA,NA,NA,NA,33746057,88.79,30904642,81.56,1603218,924942,2.44,23.57711238,9.29265435,27.1352703,9.071624442,36037886,93.92,31841602,84.03,1889102,1176440,3.1,24928703,98.12,23449882,92.66,251575,692073,2.73,30.87291443,27.08941192
Pseudomys-delicatulus,Pseudomys,delicatulus,Hiseq2500,5,NA,M29247,NA, NA, NA, NA, NA, NA, NA, NA, NA,Placeholder,Placeholder,NA,NA,NA,NA,NA,NA,NA,29912470,87.46,27132882,79.67,1427150,1089811,3.2,21.56842631,9.179883762,24.64046791,9.295671488,31941943,92.35,27483910,80.7,2132038,1199021,3.52,20339029,97.82,18971172,91.72,222944,641951,3.1,24.12948944,21.47736164
Pseudomys-delicatulus,Pseudomys,delicatulus,Hiseq2500,5,NA,U1509,NA, NA, NA, NA, NA, NA, NA, NA, NA,Placeholder,Placeholder,NA,NA,NA,NA,NA,NA,NA,37291253,89.41,34063466,81.9,1988410,960007,2.31,25.15289296,9.181979856,29.09249999,9.118430724,39713197,94.27,35224134,84.69,2055372,1224984,2.95,27669784,98.22,26095362,93.02,275577,725329,2.59,34.04778579,29.95233206
Pseudomys-delicatulus,Pseudomys,delicatulus,Hiseq2500,5,NA,WAMM29247,NA, NA, NA, NA, NA, NA, NA, NA, NA,Placeholder,Placeholder,NA,NA,NA,NA,NA,NA,NA,10740606,78.17,9590396,70.11,552804,502465,3.67,12.96885683,5.521254681,14.81741327,5.543031828,12890034,92.91,11224484,82.05,749148,473666,3.46,8676993,97.81,8082300,91.59,99288,277192,3.14,11.51402159,9.323137919
Pseudomys-desertor,Pseudomys,desertor,Hiseq2500,5,NA,ABTC41464,NA, NA, NA, NA, NA, NA, NA, NA, NA,52925_AH7T2JBCX2_GTCCGGC,52925_AH7T7NBCX2_GTCCGGC,NA,NA,NA,NA,NA,NA,NA,39511163,88.34,36520096,81.91,1777942,926098,2.08,26.69779603,9.743652775,30.87477809,9.792781959,42837198,94.64,38188112,85.65,2155946,1071105,2.4,29348643,98.62,27776349,93.89,258648,596136,2.02,35.90704376,31.56843949
Pseudomys-fieldi,Pseudomys,fieldi,Hiseq2500,5,NA,ABTC08164,NA, NA, NA, NA, NA, NA, NA, NA, NA,52941_BH7T33BCX2_GCAGAAG,52941_BH7T77BCX2_GCAGAAG,NA,NA,NA,NA,NA,NA,NA,31542030,88.9,29438514,83.21,965926,900053,2.54,22.80902058,7.993367934,26.5002095,8.034118691,33770110,94.22,29890992,84.49,1743280,1097640,3.1,23537792,98.12,22152329,92.76,231097,653561,2.74,29.57683434,25.92985348
Pseudomys-fumeus,Pseudomys,fumeus,Hiseq2500,5,NA,ABTC08168,NA, NA, NA, NA, NA, NA, NA, NA, NA,52955_BH7T33BCX2_AGCAGGT,52955_BH7T77BCX2_AGCAGGT,NA,NA,NA,NA,NA,NA,NA,54444186,89,48876744,80.17,3619712,1452964,2.38,30.95069825,11.7182025,35.71866146,11.41247063,57883195,93.66,50840938,83.39,3315120,1867274,3.06,38687155,98.23,36437002,92.9,385446,1017309,2.59,48.03636864,42.87046094
Pseudomys-gouldii,Pseudomys,gouldii,Hiseq2500,5,NA,C955,NA, NA, NA, NA, NA, NA, NA, NA, NA,52955_BH7T33BCX2_AGCAGGT,52955_BH7T77BCX2_AGCAGGT,NA,NA,NA,NA,NA,NA,NA,109122464,73.94,105215390,71.91,1684548,491255,0.34,72.72100031,62.07133728,75.5453193,60.74496625,147514854,98.68,140104636,95.75,3006976,421280,0.29,85395497,99.78,84052461,98.58,216455,264905,0.31,36.63654294,31.50883047
Pseudomys-gracilicaudatus,Pseudomys,gracilicaudatus,Hiseq2500,5,NA,ABTC08163,NA, NA, NA, NA, NA, NA, NA, NA, NA,52934_AH7T2JBCX2_TTCAACC,52934_AH7T7NBCX2_TTCAACC,NA,NA,NA,NA,NA,NA,NA,35430759,88.9,32327710,81.4,1758794,1017452,2.56,24.59888587,9.372652671,28.36420402,9.436357467,37763768,93.77,33075026,83.29,2194582,1213749,3.06,25868712,98.23,24308257,92.72,264114,680040,2.59,31.78616013,27.71041837
Pseudomys-hermannsburgensis,Pseudomys,hermannsburgensis,Hiseq2500,5,NA,ABTC08067,NA, NA, NA, NA, NA, NA, NA, NA, NA,52943_BH7T33BCX2_CAGCATC,52943_BH7T77BCX2_CAGCATC,NA,NA,NA,NA,NA,NA,NA,33876269,88.39,30675612,80.29,1966006,940696,2.46,23.11085734,8.860117888,26.64625029,8.561339201,36340951,93.9,32071284,83.95,1909602,1170695,3.06,25414344,98.16,23864257,92.58,247746,691904,2.68,30.57541172,26.78781013
Pseudomys-higginsi,Pseudomys,higginsi,Hiseq2500,5,NA,UC1421,NA, NA, NA, NA, NA, NA, NA, NA, NA,52953_BH7T33BCX2_GTACTAT,52953_BH7T77BCX2_GTACTAT,53925_HTVLKBCX2_ACTATCA,53925_HTVLWBCX2_ACTATCA,NA,NA,NA,NA,NA,42914351,89.61,38644798,81.16,2153498,1741244,3.66,25.12175744,10.78062004,28.68978264,10.85363049,44724678,92.32,37736742,79.26,3474542,1954733,4.11,28162528,97.36,26063294,90.53,429797,1084323,3.77,32.60405583,29.66705197
Pseudomys-johnsoni,Pseudomys,johnsoni,Hiseq2500,5,NA,ABTC08053,NA, NA, NA, NA, NA, NA, NA, NA, NA,52935_AH7T2JBCX2_TTAACTC,52935_AH7T7NBCX2_TTAACTC,NA,NA,NA,NA,NA,NA,NA,43267066,89.6,39544170,82.2,2071450,1279280,2.66,27.88641729,11.033944,32.09271649,10.93049619,45727789,93.71,39881882,82.91,2780490,1547488,3.22,30710603,98.08,28787999,92.38,346555,871835,2.8,38.29353386,33.94577749
Pseudomys-nanus,Pseudomys,nanus,Hiseq2500,5,NA,U1448,NA, NA, NA, NA, NA, NA, NA, NA, NA,52936_AH7T2JBCX2_TAGTCTA,52936_AH7T7NBCX2_TAGTCTA,NA,NA,NA,NA,NA,NA,NA,37340182,88.19,34139966,80.93,1706066,1129896,2.68,25.61959936,9.981214429,29.48024331,10.1994458,40066358,93.66,34997904,82.96,2407726,1346190,3.19,27058497,98.16,25438883,92.67,281617,741895,2.7,34.0885606,29.84459753
Pseudomys-novaehollandiae,Pseudomys,novaehollandiae,Hiseq2500,5,NA,ABTC08140,NA, NA, NA, NA, NA, NA, NA, NA, NA,Placeholder,Placeholder,NA,NA,NA,NA,NA,NA,NA,41701315,88.39,38356230,81.58,1778762,1161433,2.47,26.72067809,10.99867532,30.67962911,10.66556948,44516285,93.38,38946440,82.84,2618248,1473440,3.13,29259225,98.18,27492049,92.65,310723,789044,2.66,35.01666274,30.8147097
Pseudomys-novaehollandiae,Pseudomys,novaehollandiae,Hiseq2500,5,NA,NMV_C22127,NA, NA, NA, NA, NA, NA, NA, NA, NA,Placeholder,Placeholder,NA,NA,NA,NA,NA,NA,NA,90419210,85.12,87737862,82.97,1096674,819856,0.78,65.2276687,31.74886662,73.56426868,31.84353333,104567267,97.44,99261398,93.87,2356766,776484,0.73,66314078,99.49,64983078,97.82,255291,472699,0.71,64.42571435,57.14845016
Pseudomys-occidentalis,Pseudomys,occidentalis,Hiseq2500,5,NA,ABTC08043,NA, NA, NA, NA, NA, NA, NA, NA, NA,52939_BH7T33BCX2_AGCCTTG,52939_BH7T77BCX2_AGCCTTG,NA,NA,NA,NA,NA,NA,NA,37546797,89.12,34344796,81.75,1928524,952075,2.27,24.76846619,8.874922391,28.65878147,9.030030372,40215822,94.51,35762506,85.13,2035148,1191150,2.84,28236921,98.33,26691762,93.32,259400,701090,2.45,34.35733696,30.38260578
Pseudomys-oralis,Pseudomys,oralis,Hiseq2500,5,NA,RAT7,NA, NA, NA, NA, NA, NA, NA, NA, NA,52928_AH7T2JBCX2_GCCTACG,52928_AH7T7NBCX2_GCCTACG,NA,NA,NA,NA,NA,NA,NA,56651799,88.66,52934130,83.13,1618188,1510037,2.37,32.4324215,11.90150688,37.57397824,11.80138526,60615136,93.88,53386752,83.84,3366318,1893807,2.97,40630801,98.28,38296410,93.04,392329,1036675,2.52,47.2931994,42.14484095
Rattus-morotaiensis,Rattus,morotaiensis,Hiseq4000,6,4,ASA M29,NA,NA,NA,NA,NA,NA,NA,NA,NA,NA,NA,NA,NA,A-M29,NA,NA,NA,NA,43164329,94.5,40768618,89.93,1207330,816624,1.8,23.44391961,6.695346849,27.63304367,6.646732453,45479108,96.63,39373858,86.86,2603422,1010046,2.23,31402973,98.86,29171545,93.12,626864,614386,1.96,40.42284566,35.76689733
Hyomys-goliath,Hyomys,goliath,Hiseq4000,6,4,ABTC42697,NA,NA,NA,NA,NA,NA,NA,NA,NA,NA,NA,NA,NA,A42697,NA,NA,NA,NA,38228220,93.63,34945206,86.57,1731774,1059657,2.63,19.68786497,7.385330626,22.76460748,7.325450378,41617288,97.79,34546384,85.58,3458938,627166,1.55,26075431,99.3,24123701,93.51,686245,294989,1.14,31.58476051,29.4063782
Mastomys-natalensis,Mastomys,natalensis,Hiseq4000,6,4,NA,NA,NA,NA,NA,NA,NA,NA,NA,NA,NA,NA,NA,NA,T4162,NA,NA,NA,NA,33010775,94.11,29522366,84.97,2408078,725691,2.09,17.04953768,6.327062581,19.7129564,6.206725022,35865408,98.03,30081380,86.58,2587638,453965,1.31,23667234,99.41,21731568,93.4,531486,217907,0.94,26.94207087,25.01310904
Crossomys-moncktoni,Crossomys,moncktoni,Hiseq4000,6,4,ABTC 46614,NA,NA,NA,NA,NA,NA,NA,NA,NA,NA,NA,NA,NA,SM036,NA,NA,NA,NA,46795202,95.18,42572874,87.36,2808546,963195,1.98,23.16605485,7.537689997,27.02836902,7.743284686,50229409,97.75,41815354,85.81,3630222,780896,1.6,33601466,99.11,30456866,92.13,814350,445412,1.35,40.80299007,38.09126766
Eropeplus-canus,Eropeplus,canus,Hiseq4000,6,4,NMV Z21733,NA,NA,NA,NA,NA,NA,NA,NA,NA,NA,NA,NA,NA,SM115,NA,NA,NA,NA,32394367,92.63,30852130,88.7,970722,363370,1.04,21.85876326,6.073642628,25.76610495,6.056509577,35175614,98.15,32086340,92.25,1243226,392345,1.13,26153401,99.45,25084350,96.37,275789,247984,0.95,33.59733215,29.3541293
Bunomys-torajae,Bunomys,torajae,Hiseq4000,6,4,NMV_Z21736,NA,NA,NA,NA,NA,NA,NA,NA,NA,NA,NA,NA,NA,SM093,NA,NA,NA,NA,28773445,92.62,27022562,87.82,963748,475213,1.54,20.29819561,6.195471406,23.75021455,6.75443261,31360908,97.6,27179096,88.33,1843180,497047,1.62,21738401,99.14,20456473,94.47,394568,303115,1.4,26.573355,23.46638413
Taeromys-celebensis,Taeromys,celebensis,Hiseq4000,6,4,NMV_Z20637,NA,NA,NA,NA,NA,NA,NA,NA,NA,NA,NA,NA,NA,SM094,NA,NA,NA,NA,30414412,93.28,29223540,90.07,674338,349365,1.08,20.04889736,5.305622887,23.7029412,5.336498492,32689826,98.07,29992390,92.44,1101594,399838,1.23,24635828,99.4,23722586,96.47,252195,260204,1.06,30.92295867,26.74749476
Taeromys-hamatus,Taeromys,hamatus,Hiseq4000,6,4,NMV_Z63317,NA,NA,NA,NA,NA,NA,NA,NA,NA,NA,NA,NA,NA,SM095,NA,NA,NA,NA,25518669,89.99,24302306,86.58,550628,367654,1.31,21.89110048,6.283022017,25.76451283,6.477222243,28751170,98.37,25706412,91.58,1337276,282220,1.01,20761585,99.51,19920311,96.45,288854,170119,0.82,27.12263901,22.93445136
Thallomys-paedulcus,Thallomys,paedulcus,Hiseq4000,6,4,FMNH158089,NA,NA,NA,NA,NA,NA,NA,NA,NA,NA,NA,NA,NA,SM096,NA,NA,NA,NA,35636915,94.21,32809160,87.35,2037294,515158,1.37,22.27239055,7.106772151,26.00340568,7.101607461,38695697,98.46,33792176,89.97,1847292,390872,1.04,28110827,99.48,26007859,94.44,418812,226699,0.82,35.07503409,31.941908
Anonymomys-mindorensis,Anonymomys,mindorensis,Hiseq4000,6,4,FMNH2222010,NA,NA,NA,NA,NA,NA,NA,NA,NA,NA,NA,NA,NA,SM098,NA,NA,NA,NA,39184674,94.08,37610810,90.89,707242,578451,1.4,22.70202355,5.740912412,26.88137949,6.167957192,41454608,97.33,37335094,90.22,1708342,709639,1.71,29905691,99.1,28445797,95.12,404033,452787,1.51,37.23242203,33.02040015
Arvicanthus-neumanni,Arvicanthus,neumanni,Hiseq4000,6,4,FMNH158037,NA,NA,NA,NA,NA,NA,NA,NA,NA,NA,NA,NA,NA,SM099,NA,NA,NA,NA,23553497,91.7,22552142,88.33,532050,304785,1.19,17.77835368,4.985639846,20.94277608,5.098445365,25933652,98.63,23840990,93.38,853092,212404,0.83,19659320,99.63,19020668,97.19,182095,124886,0.64,24.71370829,21.89104101
Arvicanthus-niloticus,Arvicanthus,niloticus,Hiseq4000,6,4,MNHN1999201,NA,NA,NA,NA,NA,NA,NA,NA,NA,NA,NA,NA,NA,SM100,NA,NA,NA,NA,32858499,93.92,30226466,87.24,1627820,646282,1.87,18.66199712,6.042937002,21.75788178,6.19026071,35345351,97.8,30740012,88.73,2129012,508511,1.47,24278294,99.34,23020627,95.16,463598,271795,1.12,29.55042905,26.80566044
Dephomys-defua,Dephomys,defua,Hiseq4000,6,4,MNHNR24062,NA,NA,NA,NA,NA,NA,NA,NA,NA,NA,NA,NA,NA,SM101,NA,NA,NA,NA,34381047,94.15,31519320,86.88,2013912,588582,1.62,18.16535058,5.910671424,21.17403874,5.834944076,36700458,97.92,32870890,90.61,1684634,492190,1.36,25675632,99.38,24588382,95.86,377315,276822,1.08,29.67224045,27.21408502
Heimyscus-fumosus,Heimyscus,fumosus,Hiseq4000,6,4,FMNH167810,NA,NA,NA,NA,NA,NA,NA,NA,NA,NA,NA,NA,NA,SM104,NA,NA,NA,NA,49967494,95.57,44988794,86.66,3860428,715024,1.38,23.65722056,8.031998364,27.47974016,7.907077807,53192589,98.66,47022632,90.58,2760438,480113,0.92,37698378,99.57,35717565,95.61,600686,258614,0.69,44.56040438,41.96869467
Lophiomys-imhausi,Lophiomys,imhausi,Hiseq4000,6,4,UM5152,NA,NA,NA,NA,NA,NA,NA,NA,NA,NA,NA,NA,NA,SM105,NA,NA,NA,NA,21399089,89.15,19785116,83.44,930698,388071,1.64,20.97869052,6.187256513,24.63746171,6.254459412,23416970,94.6,19735148,83.23,1601012,769264,3.24,16357587,98.26,15152394,92.08,325016,512210,3.11,26.36337304,18.40358652
Lophuromys-woosnami,Lophuromys,woosnami,Hiseq4000,6,4,LSUMZ37793,NA,NA,NA,NA,NA,NA,NA,NA,NA,NA,NA,NA,NA,SM106,NA,NA,NA,NA,26110996,90,23490660,82.16,1506552,680045,2.38,18.72298244,6.821030218,21.67340722,6.749403583,26969350,90.56,21724258,75.98,2144404,1587791,5.55,18079514,96.65,16201413,87.32,474468,1057225,5.7,27.56434969,18.74569983
Micaelemys-namaquensis,Micaelemys,namaquensis,Hiseq4000,6,4,MNHN1987009,NA,NA,NA,NA,NA,NA,NA,NA,NA,NA,NA,NA,NA,SM108,NA,NA,NA,NA,37560695,94.56,34582034,87.55,2217962,519257,1.31,20.78465654,6.550488068,24.24314372,6.412982284,40113544,98.57,36713934,92.95,1346116,357182,0.9,29945494,99.59,28845270,96.77,310723,207444,0.7,37.45683571,34.58590077
Mylomys-dybowskii,Mylomys,dybowskii,Hiseq4000,6,4,MNHN1997072,NA,NA,NA,NA,NA,NA,NA,NA,NA,NA,NA,NA,NA,SM109,NA,NA,NA,NA,31063405,92.33,29754274,88.97,775890,313692,0.94,23.29625237,6.359297562,27.46350903,6.479406348,34243103,99.01,31347698,93.74,1164546,206592,0.62,26177361,99.75,25300985,97.45,228349,114445,0.44,33.69621983,30.25473604
Myomyscus-verreauxii,Myomyscus,verreauxii,Hiseq4000,6,4,MNHN1999102,NA,NA,NA,NA,NA,NA,NA,NA,NA,NA,NA,NA,NA,SM110,NA,NA,NA,NA,35650332,93.75,33444206,88.94,1148164,605689,1.61,23.38252501,7.657021147,27.31763045,7.591246707,39291193,98.96,33740776,89.73,2405888,269709,0.72,27510975,99.69,25712419,95.34,472144,132504,0.49,34.02457463,31.50433718
Rhabdomys-pumilio,Rhabdomys,pumilio,Hiseq4000,6,4,MNHN1995065,NA,NA,NA,NA,NA,NA,NA,NA,NA,NA,NA,NA,NA,SM112,NA,NA,NA,NA,28076392,91.8,26789232,88.13,748350,328367,1.08,20.91793761,5.918822791,24.60824498,6.051283082,30913831,98.79,28488072,93.72,1008114,229481,0.75,23676931,99.68,23007951,97.51,199322,133167,0.56,30.43099326,27.09885125
Stochomys-longicaudatus,Stochomys,longicaudatus,Hiseq4000,6,4,MNHN1999459,NA,NA,NA,NA,NA,NA,NA,NA,NA,NA,NA,NA,NA,SM113,NA,NA,NA,NA,25940290,90.88,24795128,87.42,614774,331200,1.17,20.04409734,5.705314136,23.6098438,5.627465284,28960127,98.76,26526134,93.52,988266,206754,0.73,21427102,99.72,20838595,97.62,179058,109092,0.51,27.04117324,24.11948476
